Day_of_Year,temperature_2m_min.p5,temperature_2m_min.p25,temperature_2m_min.p50,temperature_2m_min.p75,temperature_2m_min.p95,temperature_2m_max.p5,temperature_2m_max.p25,temperature_2m_max.p50,temperature_2m_max.p75,temperature_2m_max.p95,relative_humidity.p5,relative_humidity.p25,relative_humidity.p50,relative_humidity.p75,relative_humidity.p95,proba_wind.p5,proba_wind.p25,proba_wind.p50,proba_wind.p75,proba_wind.p95,proba_precipitation.p5,proba_precipitation.p25,proba_precipitation.p50,proba_precipitation.p75,proba_precipitation.p95,snow_depth.p5,snow_depth.p25,snow_depth.p50,snow_depth.p75,snow_depth.p95
1,-11.83,-5.11,-1.75,0.67,3.07,-7.39,-1.34,1.65,3.66,6.45,93.84,97.23,98.54,99.39,99.86,0.00,0.00,4.54,17.27,51.36,15.33,34.33,48.33,64.66,83.33,0.00,0.92,3.82,8.08,33.10
2,-11.60,-5.05,-1.76,0.58,3.06,-7.36,-1.23,1.67,3.62,6.35,93.77,97.23,98.55,99.40,99.85,0.00,0.00,4.54,17.27,55.45,15.00,34.66,47.66,64.66,83.66,0.04,1.09,4.04,8.35,33.44
3,-11.54,-5.13,-1.84,0.53,3.00,-7.28,-1.22,1.62,3.59,6.24,93.92,97.23,98.53,99.39,99.85,0.00,0.00,4.54,18.18,59.54,15.00,35.00,47.00,64.00,84.66,0.05,1.21,4.26,8.55,33.82
4,-11.46,-5.20,-1.83,0.49,3.01,-7.17,-1.29,1.50,3.50,6.20,93.86,97.19,98.53,99.39,99.85,0.00,0.00,5.00,19.54,63.63,15.33,35.00,46.00,62.66,85.00,0.06,1.29,4.43,8.84,34.18
5,-11.46,-5.26,-1.91,0.41,2.93,-7.15,-1.43,1.38,3.46,6.14,93.63,97.07,98.49,99.34,99.84,0.00,0.00,5.91,20.45,66.81,15.66,34.33,44.66,61.66,84.66,0.06,1.34,4.59,9.16,34.32
6,-11.49,-5.40,-2.01,0.32,2.90,-7.19,-1.53,1.25,3.39,6.11,93.61,97.03,98.45,99.29,99.82,0.00,0.00,6.82,21.36,69.09,15.33,33.66,43.33,60.33,84.00,0.06,1.40,4.85,9.45,34.48
7,-11.70,-5.54,-2.14,0.34,2.91,-7.17,-1.65,1.19,3.37,5.98,93.63,97.10,98.43,99.27,99.82,0.00,0.00,7.73,22.72,69.99,14.66,32.00,42.00,59.00,83.00,0.06,1.44,5.11,9.74,34.61
8,-11.69,-5.61,-2.19,0.32,2.80,-7.10,-1.76,1.15,3.34,5.97,93.59,97.05,98.41,99.22,99.81,0.00,0.00,8.63,22.72,69.99,13.99,30.33,40.33,57.00,81.66,0.06,1.45,5.27,10.00,34.61
9,-11.60,-5.68,-2.26,0.26,2.77,-6.98,-1.75,1.09,3.28,5.94,93.53,97.01,98.39,99.21,99.81,0.00,0.00,8.64,22.27,69.54,13.33,28.33,38.67,54.66,80.66,0.06,1.48,5.39,10.32,34.58
10,-11.59,-5.83,-2.27,0.12,2.75,-7.15,-1.81,0.98,3.15,5.86,93.41,96.96,98.35,99.19,99.79,0.00,0.00,7.73,22.72,67.27,12.99,26.66,37.33,52.00,79.33,0.06,1.56,5.58,10.59,34.56
11,-11.63,-6.09,-2.42,0.01,2.61,-7.04,-1.98,0.78,2.99,5.78,93.20,96.88,98.28,99.15,99.77,0.00,0.00,6.82,23.18,64.09,12.33,25.33,35.67,49.67,77.66,0.06,1.69,5.81,11.08,34.13
12,-11.95,-6.24,-2.55,-0.11,2.59,-7.22,-2.21,0.61,2.85,5.76,93.23,96.83,98.23,99.07,99.74,0.00,0.00,5.91,22.27,60.90,11.66,24.00,35.00,47.33,75.66,0.06,1.92,6.12,11.62,34.26
13,-12.27,-6.31,-2.76,-0.33,2.47,-7.36,-2.22,0.48,2.65,5.63,93.36,96.78,98.20,99.02,99.70,0.00,0.00,5.00,20.45,56.81,10.66,22.66,34.33,45.67,73.66,0.07,2.14,6.45,12.21,34.39
14,-12.41,-6.35,-2.96,-0.50,2.34,-7.35,-2.19,0.28,2.51,5.59,93.41,96.81,98.21,99.00,99.69,0.00,0.00,4.09,18.18,51.81,9.66,21.33,33.67,44.67,72.00,0.09,2.38,6.81,12.81,34.51
15,-12.63,-6.34,-3.07,-0.52,2.30,-7.43,-2.23,0.22,2.47,5.61,93.64,96.86,98.22,99.01,99.69,0.00,0.00,3.18,16.82,47.27,8.33,21.00,33.33,44.00,71.00,0.11,2.63,7.13,13.34,34.56
16,-12.73,-6.38,-3.15,-0.43,2.32,-7.34,-2.23,0.18,2.54,5.63,93.70,96.89,98.23,99.03,99.71,0.00,0.00,2.27,15.45,43.18,7.33,20.67,32.33,43.66,70.33,0.12,2.86,7.42,13.77,34.53
17,-12.74,-6.42,-3.25,-0.39,2.29,-7.17,-2.32,0.17,2.60,5.58,93.75,96.94,98.25,99.01,99.69,0.00,0.00,1.36,13.63,40.45,6.33,21.00,32.33,44.00,70.00,0.13,3.04,7.64,14.14,34.26
18,-12.69,-6.52,-3.43,-0.51,2.19,-7.17,-2.46,0.13,2.52,5.52,93.64,96.90,98.19,98.96,99.69,0.00,0.00,0.45,12.73,38.63,6.00,21.00,32.33,45.00,69.33,0.14,3.17,7.84,14.47,34.03
19,-12.49,-6.70,-3.54,-0.70,2.08,-6.90,-2.56,0.05,2.43,5.44,93.49,96.80,98.12,98.91,99.68,0.00,0.00,0.00,11.36,38.18,6.00,21.33,33.33,46.66,69.00,0.15,3.25,8.06,14.78,33.90
20,-12.60,-6.80,-3.65,-0.73,2.09,-6.91,-2.62,-0.02,2.41,5.41,93.52,96.79,98.08,98.88,99.68,0.00,0.00,0.00,10.00,39.54,5.66,22.00,35.00,48.66,69.00,0.17,3.25,8.32,15.21,33.81
21,-13.04,-6.97,-3.74,-0.76,2.00,-7.11,-2.78,0.00,2.41,5.25,93.24,96.73,98.05,98.87,99.66,0.00,0.00,0.00,9.09,41.36,5.33,22.33,37.00,50.33,69.00,0.18,3.20,8.54,15.56,33.71
22,-13.39,-7.04,-3.85,-0.82,1.86,-7.15,-2.87,-0.09,2.34,5.18,93.16,96.68,97.99,98.85,99.66,0.00,0.00,0.00,9.09,42.72,4.99,23.00,39.00,52.33,69.33,0.21,3.20,8.69,15.91,33.71
23,-13.45,-7.00,-3.96,-0.94,1.84,-7.06,-2.91,-0.18,2.18,5.15,92.88,96.69,97.97,98.81,99.65,0.00,0.00,0.00,9.09,44.54,4.99,24.00,40.66,54.33,70.00,0.29,3.27,8.84,16.28,33.88
24,-13.51,-6.96,-4.06,-1.04,1.71,-7.10,-2.89,-0.23,2.14,5.07,93.03,96.65,97.93,98.78,99.62,0.00,0.00,0.00,9.09,46.36,4.66,24.66,42.33,56.33,70.67,0.37,3.37,9.06,16.67,34.07
25,-13.55,-7.07,-4.09,-1.08,1.64,-7.15,-2.85,-0.19,2.09,5.01,93.35,96.76,97.91,98.77,99.62,0.00,0.00,0.00,8.63,47.72,4.66,25.00,43.67,58.33,71.00,0.47,3.56,9.38,17.09,34.33
26,-13.73,-7.18,-4.03,-1.08,1.59,-7.19,-2.87,-0.13,2.06,4.95,93.37,96.75,97.91,98.77,99.63,0.00,0.00,0.00,8.18,48.63,4.99,25.33,45.67,60.00,71.33,0.63,3.75,9.58,17.52,34.35
27,-13.80,-7.29,-3.92,-1.17,1.51,-7.28,-2.79,-0.10,1.99,4.90,93.39,96.73,97.85,98.76,99.63,0.00,0.00,0.45,8.18,48.18,5.66,25.66,47.00,60.66,71.33,0.79,3.99,9.74,17.95,34.37
28,-13.97,-7.38,-3.94,-1.20,1.50,-7.32,-2.70,-0.05,1.98,4.89,93.63,96.73,97.86,98.79,99.64,0.00,0.00,0.91,9.09,47.27,6.33,25.99,47.67,60.66,71.67,0.92,4.20,10.00,18.37,34.49
29,-14.14,-7.43,-3.91,-1.20,1.49,-7.34,-2.77,0.02,1.98,4.93,93.60,96.70,97.85,98.79,99.63,0.00,0.00,1.36,9.54,45.45,6.33,25.66,47.33,60.33,71.33,1.01,4.42,10.20,18.76,34.62
30,-14.05,-7.44,-3.93,-1.12,1.44,-7.21,-2.76,0.04,2.05,4.94,93.52,96.67,97.81,98.76,99.62,0.00,0.00,1.36,10.00,43.18,5.99,25.00,46.33,59.00,71.33,1.09,4.58,10.42,19.08,34.75
31,-13.86,-7.34,-3.94,-1.04,1.49,-7.16,-2.74,0.07,2.12,4.99,93.69,96.66,97.77,98.73,99.63,0.00,0.00,1.36,10.00,40.90,5.99,24.66,45.00,57.66,71.33,1.15,4.66,10.58,19.28,34.88
32,-13.74,-7.38,-3.93,-0.95,1.44,-6.97,-2.64,0.13,2.18,4.99,93.81,96.64,97.74,98.74,99.65,0.00,0.00,1.36,10.00,38.63,5.66,23.66,43.00,56.33,71.66,1.24,4.65,10.71,19.34,35.07
33,-13.62,-7.56,-3.88,-0.90,1.49,-6.85,-2.64,0.21,2.32,5.03,93.88,96.68,97.72,98.72,99.64,0.00,0.00,1.36,10.00,36.36,5.66,22.33,41.66,54.66,71.66,1.30,4.67,10.80,19.37,35.29
34,-13.58,-7.55,-3.80,-0.82,1.50,-6.79,-2.57,0.34,2.36,5.03,93.83,96.58,97.67,98.69,99.62,0.00,0.00,1.36,10.00,34.99,5.99,22.00,40.00,53.00,72.00,1.35,4.67,10.93,19.42,35.53
35,-13.53,-7.61,-3.74,-0.85,1.39,-6.66,-2.50,0.43,2.39,5.05,93.78,96.52,97.61,98.62,99.58,0.00,0.00,1.36,10.45,34.54,6.66,21.33,38.33,51.33,72.66,1.39,4.72,11.03,19.49,35.80
36,-13.24,-7.55,-3.66,-0.97,1.37,-6.61,-2.35,0.49,2.38,5.06,93.68,96.45,97.60,98.59,99.57,0.00,0.00,1.36,10.45,34.54,7.33,20.66,36.66,49.66,73.33,1.43,4.78,11.19,19.62,36.07
37,-13.13,-7.51,-3.57,-1.06,1.34,-6.49,-2.22,0.52,2.45,5.14,93.46,96.32,97.53,98.55,99.56,0.00,0.00,0.91,10.45,34.09,8.00,20.00,35.33,48.33,74.00,1.48,4.81,11.32,19.78,36.34
38,-13.22,-7.44,-3.49,-0.99,1.33,-6.36,-2.10,0.59,2.55,5.26,93.61,96.30,97.51,98.53,99.56,0.00,0.00,0.45,9.54,32.72,8.00,20.00,34.66,46.99,74.66,1.51,4.82,11.40,19.87,36.54
39,-13.27,-7.30,-3.42,-0.90,1.38,-6.41,-2.08,0.64,2.62,5.26,93.67,96.32,97.48,98.51,99.56,0.00,0.00,0.00,9.54,32.27,8.00,20.66,34.33,46.33,75.66,1.51,4.84,11.38,20.04,36.64
40,-13.13,-7.17,-3.37,-0.92,1.37,-6.34,-1.96,0.70,2.63,5.37,93.57,96.29,97.48,98.50,99.54,0.00,0.00,0.00,9.54,30.90,8.33,21.00,34.00,46.33,76.33,1.51,4.88,11.35,20.13,36.78
41,-12.79,-7.05,-3.27,-0.87,1.41,-6.19,-1.79,0.71,2.65,5.47,93.80,96.28,97.46,98.48,99.56,0.00,0.00,0.00,10.45,30.90,8.33,21.66,33.66,46.66,76.66,1.50,4.89,11.36,20.30,37.04
42,-12.78,-7.20,-3.24,-0.84,1.46,-6.18,-1.75,0.73,2.72,5.56,93.84,96.27,97.45,98.47,99.56,0.00,0.00,0.45,11.36,31.81,8.66,22.66,34.00,47.33,76.33,1.45,4.81,11.47,20.42,37.45
43,-13.10,-7.35,-3.24,-0.80,1.43,-6.39,-1.79,0.79,2.89,5.58,93.91,96.19,97.41,98.47,99.57,0.00,0.00,1.36,12.27,33.18,8.66,24.00,34.33,48.33,76.00,1.36,4.75,11.69,20.45,37.78
44,-13.33,-7.49,-3.22,-0.77,1.48,-6.42,-1.84,0.83,2.97,5.71,93.90,96.18,97.37,98.46,99.59,0.00,0.00,2.27,12.73,34.08,8.66,24.66,35.00,49.33,75.33,1.27,4.75,11.87,20.45,38.11
45,-13.42,-7.59,-3.19,-0.71,1.59,-6.34,-1.92,0.92,3.10,5.75,93.82,96.07,97.33,98.43,99.55,0.00,0.00,2.73,12.27,34.99,7.99,25.66,36.00,50.66,74.00,1.18,4.72,12.01,20.43,38.40
46,-13.24,-7.50,-3.25,-0.62,1.71,-6.09,-1.80,0.96,3.26,5.86,93.59,96.04,97.28,98.41,99.52,0.00,0.00,3.18,12.27,35.45,6.66,26.33,36.33,51.66,72.66,1.03,4.64,12.18,20.36,38.82
47,-12.95,-7.35,-3.27,-0.59,1.78,-5.93,-1.70,1.00,3.33,6.05,93.33,95.95,97.27,98.34,99.50,0.00,0.00,3.63,12.72,37.27,5.33,26.66,36.33,52.00,71.33,0.88,4.56,12.34,20.26,39.22
48,-12.85,-7.28,-3.25,-0.51,1.76,-5.79,-1.59,1.06,3.41,6.26,93.18,95.84,97.13,98.27,99.48,0.00,0.00,3.63,13.18,40.45,4.33,26.33,36.33,52.66,70.33,0.75,4.55,12.31,20.13,39.64
49,-12.78,-7.27,-3.29,-0.50,1.79,-5.86,-1.46,1.10,3.53,6.47,93.17,95.79,97.04,98.17,99.46,0.00,0.00,3.63,13.63,42.27,3.66,25.66,36.33,53.00,69.33,0.66,4.47,12.33,20.00,40.05
50,-12.94,-7.31,-3.35,-0.53,1.75,-5.85,-1.39,1.20,3.65,6.69,93.10,95.70,96.97,98.15,99.44,0.00,0.00,3.63,14.09,43.63,3.00,24.66,36.33,52.66,68.33,0.57,4.35,12.31,19.90,40.42
51,-13.03,-7.20,-3.30,-0.57,1.69,-5.86,-1.26,1.30,3.68,6.82,93.06,95.67,96.96,98.16,99.43,0.00,0.00,3.63,13.18,43.18,2.33,23.33,36.33,52.00,68.33,0.51,4.24,12.26,19.92,40.86
52,-12.95,-7.19,-3.24,-0.55,1.71,-5.80,-1.14,1.41,3.76,6.96,92.97,95.65,96.94,98.18,99.41,0.00,0.00,3.18,11.81,41.81,1.66,22.00,36.00,51.00,68.66,0.43,4.16,12.25,20.00,41.32
53,-12.77,-6.86,-3.12,-0.48,1.72,-5.71,-0.93,1.55,3.88,7.07,92.70,95.53,96.95,98.18,99.41,0.00,0.00,2.27,10.45,40.45,1.00,20.66,35.33,50.00,68.33,0.37,4.06,12.28,20.05,41.79
54,-12.69,-6.82,-3.02,-0.46,1.77,-5.71,-0.88,1.68,3.99,7.15,92.39,95.43,96.89,98.16,99.42,0.00,0.00,1.36,10.00,38.63,0.33,19.33,34.66,49.66,67.99,0.31,3.91,12.24,20.04,42.28
55,-12.87,-6.75,-3.05,-0.53,1.77,-5.75,-0.83,1.74,4.00,7.05,92.11,95.24,96.82,98.11,99.40,0.00,0.00,0.91,10.00,36.36,0.00,18.00,33.33,48.66,67.66,0.25,3.72,12.15,20.02,42.74
56,-13.06,-6.84,-3.06,-0.52,1.75,-5.71,-0.77,1.85,4.05,7.11,92.03,95.11,96.70,98.06,99.36,0.00,0.00,0.45,10.00,34.54,0.33,17.00,32.66,47.33,68.00,0.21,3.59,12.05,20.00,43.18
57,-13.18,-6.80,-3.02,-0.48,1.82,-5.65,-0.65,1.93,4.10,7.21,91.97,95.07,96.66,98.01,99.39,0.00,0.00,0.45,9.54,31.81,0.33,16.33,32.33,46.33,68.33,0.16,3.56,11.92,20.00,43.60
58,-13.05,-6.85,-3.01,-0.48,1.85,-5.56,-0.58,1.98,4.17,7.20,91.69,94.90,96.59,97.95,99.36,0.00,0.00,0.45,9.09,28.18,0.33,15.66,32.33,45.33,69.00,0.13,3.49,11.83,20.13,43.98
59,-13.09,-6.89,-3.06,-0.46,1.81,-5.56,-0.45,2.02,4.23,7.40,91.58,94.78,96.53,97.92,99.34,0.00,0.00,0.91,8.63,24.99,1.00,14.33,32.33,44.33,69.66,0.12,3.41,11.79,20.18,44.34
60,-13.13,-6.98,-3.14,-0.48,1.79,-5.63,-0.46,2.06,4.29,7.46,91.54,94.71,96.47,97.87,99.34,0.00,0.00,1.82,9.09,22.72,1.33,13.66,32.33,44.33,70.66,0.11,3.30,11.65,20.18,44.67
61,-13.24,-6.98,-3.21,-0.48,1.86,-5.54,-0.43,2.10,4.43,7.53,91.33,94.52,96.35,97.83,99.33,0.00,0.00,2.73,10.00,21.81,1.66,13.66,32.00,44.33,70.66,0.11,3.23,11.50,20.16,44.87
62,-13.17,-6.85,-3.22,-0.44,1.93,-5.37,-0.33,2.23,4.59,7.74,91.17,94.34,96.25,97.72,99.27,0.00,0.00,3.63,11.36,21.36,2.00,14.33,32.00,44.00,70.00,0.11,3.14,11.26,20.27,44.83
63,-12.89,-6.71,-3.16,-0.40,1.95,-5.16,-0.15,2.32,4.61,7.99,91.06,94.27,96.19,97.72,99.24,0.00,0.00,4.54,12.73,21.36,2.66,14.66,32.00,43.33,69.66,0.10,3.04,11.02,20.39,44.62
64,-12.65,-6.51,-3.06,-0.35,1.96,-4.92,0.06,2.50,4.72,8.14,90.93,94.21,96.16,97.70,99.20,0.00,0.00,5.45,13.64,22.27,3.33,15.00,32.00,42.33,69.33,0.09,2.92,10.74,20.47,44.37
65,-12.56,-6.27,-3.02,-0.33,1.95,-4.72,0.29,2.66,4.83,8.27,90.76,94.12,96.08,97.68,99.20,0.00,0.00,6.36,15.00,23.63,3.66,15.33,32.33,41.67,68.66,0.08,2.78,10.38,20.45,44.08
66,-12.49,-6.19,-2.93,-0.33,1.86,-4.62,0.45,2.83,4.90,8.27,90.68,94.03,96.06,97.68,99.20,0.00,0.00,6.36,16.82,25.00,3.66,15.66,32.00,42.00,67.66,0.08,2.64,9.90,20.37,43.81
67,-12.49,-6.01,-2.78,-0.27,1.89,-4.46,0.64,3.04,5.08,8.38,90.71,93.96,95.96,97.68,99.20,0.00,0.00,5.91,18.63,27.27,4.00,16.00,31.66,42.66,66.66,0.08,2.46,9.38,20.29,43.52
68,-12.53,-5.84,-2.62,-0.25,1.99,-4.23,0.69,3.17,5.16,8.40,90.58,93.88,96.01,97.70,99.20,0.00,0.00,5.91,20.00,29.54,4.66,16.66,31.00,43.33,65.66,0.08,2.25,8.95,20.13,43.19
69,-12.38,-5.76,-2.55,-0.20,2.01,-4.03,0.80,3.28,5.23,8.43,90.28,93.71,95.91,97.69,99.21,0.00,0.00,5.45,21.36,31.81,4.66,18.00,30.33,43.66,64.33,0.08,2.07,8.53,19.98,42.79
70,-12.25,-5.72,-2.39,-0.15,2.18,-3.86,0.93,3.42,5.35,8.42,90.25,93.58,95.83,97.62,99.16,0.00,0.00,4.55,21.81,33.63,4.99,19.33,29.66,43.66,62.33,0.08,1.95,8.12,19.85,42.35
71,-12.11,-5.77,-2.31,-0.11,2.27,-3.61,1.10,3.59,5.57,8.47,90.05,93.47,95.72,97.59,99.13,0.00,0.00,3.64,21.81,34.99,5.33,20.00,30.00,44.00,60.66,0.08,1.84,7.69,19.68,41.81
72,-12.10,-5.61,-2.24,-0.07,2.41,-3.49,1.24,3.71,5.73,8.63,89.87,93.31,95.64,97.48,99.09,0.00,0.00,2.73,21.81,35.45,5.33,20.00,29.66,44.33,60.00,0.07,1.69,7.23,19.49,41.07
73,-12.12,-5.56,-2.23,-0.04,2.53,-3.34,1.39,3.85,5.87,8.94,89.96,93.30,95.50,97.43,99.10,0.00,0.00,1.82,21.81,35.45,4.66,20.00,29.33,44.66,60.00,0.06,1.52,6.72,19.30,40.25
74,-12.01,-5.30,-2.14,0.05,2.61,-3.15,1.55,4.03,6.13,9.28,90.10,93.28,95.45,97.43,99.07,0.00,0.00,1.82,20.90,34.99,4.00,19.67,29.33,45.00,60.00,0.05,1.38,6.20,18.99,39.41
75,-11.66,-5.15,-2.00,0.19,2.72,-2.85,1.69,4.19,6.47,9.67,90.11,93.27,95.39,97.39,99.05,0.00,0.00,0.91,20.00,33.63,3.66,19.00,29.00,45.33,61.00,0.05,1.24,5.70,18.67,38.51
76,-11.36,-4.99,-1.85,0.31,2.78,-2.61,1.78,4.29,6.76,9.99,89.91,93.08,95.26,97.35,99.05,0.00,0.00,1.36,18.18,32.27,3.33,18.33,29.33,45.00,62.00,0.04,1.05,5.24,18.39,37.58
77,-11.20,-4.94,-1.73,0.37,2.76,-2.46,1.85,4.57,7.03,10.24,89.87,92.96,95.16,97.31,99.04,0.00,0.00,1.36,16.36,30.45,3.00,17.66,29.66,44.33,63.00,0.03,0.80,4.84,17.99,36.74
78,-11.24,-4.78,-1.53,0.48,2.80,-2.31,2.00,4.83,7.38,10.62,89.70,92.89,95.00,97.27,99.04,0.00,0.00,1.36,15.00,28.18,2.33,17.00,29.66,44.00,64.00,0.02,0.66,4.41,17.44,35.78
79,-11.13,-4.63,-1.40,0.54,2.93,-2.08,2.18,5.03,7.59,10.78,89.45,92.79,94.91,97.29,99.05,0.00,0.00,1.36,13.63,25.45,1.66,16.33,29.33,44.00,65.33,0.02,0.53,3.97,16.84,34.71
80,-10.89,-4.47,-1.24,0.65,3.06,-1.72,2.34,5.19,7.81,10.98,89.06,92.59,94.85,97.26,99.04,0.00,0.00,1.36,12.27,23.18,1.00,15.66,29.33,43.66,67.00,0.01,0.45,3.59,16.21,33.59
81,-10.72,-4.34,-1.11,0.70,3.18,-1.45,2.47,5.45,7.99,11.21,88.90,92.39,94.84,97.21,99.03,0.00,0.00,1.36,11.36,21.36,0.67,15.33,28.66,43.33,69.33,0.00,0.40,3.22,15.49,32.46
82,-10.50,-4.24,-1.02,0.74,3.24,-1.28,2.60,5.60,8.16,11.34,88.74,92.26,94.70,97.20,99.03,0.00,0.00,1.82,10.45,20.90,0.67,15.00,28.33,43.33,71.33,0.00,0.37,2.88,14.57,31.30
83,-10.21,-4.07,-0.96,0.77,3.36,-0.92,2.80,5.79,8.46,11.39,88.60,91.98,94.44,97.03,98.99,0.00,0.00,2.27,9.54,20.45,1.33,15.00,28.00,43.00,72.66,0.00,0.34,2.43,13.57,30.08
84,-10.03,-3.93,-0.93,0.79,3.45,-0.68,3.01,5.89,8.65,11.55,88.24,91.74,94.17,96.88,99.00,0.00,0.00,1.82,9.54,19.99,2.00,15.33,27.66,42.33,73.33,0.00,0.27,2.07,12.54,28.82
85,-9.63,-3.81,-0.84,0.86,3.47,-0.41,3.23,6.05,8.81,11.91,88.15,91.53,94.00,96.76,99.03,0.00,0.00,1.82,9.09,20.90,3.00,16.00,27.33,41.67,73.67,0.00,0.21,1.74,11.60,27.46
86,-9.43,-3.70,-0.74,0.96,3.53,-0.11,3.37,6.17,8.94,12.21,88.01,91.30,93.85,96.74,98.99,0.00,0.00,1.36,9.09,21.81,4.00,16.66,27.33,41.33,73.67,0.00,0.17,1.49,10.83,25.98
87,-9.22,-3.66,-0.73,1.01,3.64,0.06,3.46,6.28,9.08,12.39,87.75,91.22,93.75,96.70,98.95,0.00,0.00,1.36,9.09,22.72,5.00,17.33,27.66,41.67,73.33,0.00,0.14,1.30,10.08,24.54
88,-8.85,-3.57,-0.68,1.09,3.76,0.25,3.65,6.43,9.34,12.60,87.72,91.08,93.64,96.70,98.97,0.00,0.00,1.36,9.09,24.08,6.00,18.00,27.66,41.33,72.33,0.00,0.11,1.12,9.43,23.13
89,-8.57,-3.40,-0.55,1.16,3.84,0.46,3.81,6.54,9.58,12.86,87.67,91.03,93.61,96.69,98.97,0.00,0.00,1.36,9.09,25.90,7.00,18.66,28.00,41.33,71.33,0.00,0.09,0.97,8.81,21.75
90,-8.27,-3.18,-0.47,1.21,3.85,0.76,3.90,6.65,9.76,13.10,87.43,90.90,93.58,96.63,99.03,0.00,0.00,1.82,9.09,27.72,7.66,19.33,28.33,41.33,70.33,0.00,0.07,0.84,8.18,20.41
91,-7.98,-2.96,-0.43,1.27,3.90,0.93,4.04,6.75,9.86,13.37,87.39,90.76,93.51,96.47,98.94,0.00,0.00,1.82,9.09,28.63,8.00,19.33,28.66,41.00,69.00,0.00,0.05,0.73,7.45,19.08
92,-7.59,-2.80,-0.35,1.36,3.88,1.20,4.25,6.94,10.03,13.59,87.24,90.59,93.37,96.39,98.95,0.00,0.00,1.36,9.09,28.63,8.33,19.00,28.66,40.33,67.66,0.00,0.03,0.63,6.71,17.80
93,-7.10,-2.60,-0.26,1.46,3.91,1.52,4.46,7.11,10.20,13.70,87.04,90.47,93.34,96.32,98.94,0.00,0.00,0.91,9.09,28.17,8.33,18.33,28.66,40.00,67.00,0.00,0.02,0.53,5.97,16.53
94,-6.64,-2.47,-0.14,1.55,3.97,1.84,4.67,7.27,10.30,13.86,86.95,90.36,93.32,96.24,98.91,0.00,0.00,0.91,9.09,27.72,8.33,17.66,28.33,40.00,66.66,0.00,0.02,0.47,5.39,15.22
95,-6.21,-2.29,-0.07,1.66,4.08,2.12,4.93,7.45,10.36,14.17,86.79,90.26,93.25,96.23,98.98,0.00,0.00,0.91,9.09,26.36,8.00,17.00,27.66,40.00,66.00,0.00,0.02,0.43,4.81,13.96
96,-5.91,-2.05,0.03,1.82,4.26,2.34,5.24,7.66,10.45,14.44,86.79,90.30,93.25,96.17,98.99,0.00,0.00,0.91,9.09,25.45,7.66,16.33,26.66,39.33,65.33,0.00,0.01,0.38,4.19,12.70
97,-5.50,-1.77,0.14,1.99,4.43,2.63,5.60,7.84,10.58,14.66,86.70,90.14,93.14,96.07,98.84,0.00,0.00,0.91,9.09,24.54,6.99,15.66,25.33,38.66,65.33,0.00,0.01,0.31,3.65,11.35
98,-5.07,-1.55,0.22,2.06,4.47,2.86,5.85,8.05,10.65,14.63,86.65,89.93,93.08,95.95,98.77,0.00,0.00,0.91,9.09,23.63,6.33,15.00,24.66,38.66,65.33,0.00,0.01,0.27,3.14,10.12
99,-4.75,-1.39,0.34,2.15,4.50,3.05,6.03,8.23,10.93,14.83,86.47,89.72,92.90,95.77,98.68,0.00,0.00,0.91,9.09,22.72,5.33,14.66,24.00,38.33,65.33,0.00,0.01,0.21,2.68,9.02
100,-4.48,-1.27,0.47,2.22,4.57,3.33,6.26,8.44,11.26,15.07,86.42,89.54,92.62,95.55,98.53,0.00,0.00,0.45,9.09,21.81,4.99,14.00,23.00,38.33,65.66,0.00,0.01,0.16,2.26,8.00
101,-4.08,-1.11,0.58,2.38,4.62,3.54,6.55,8.73,11.50,15.46,86.11,89.46,92.35,95.30,98.37,0.00,0.00,0.45,9.09,22.27,4.66,13.33,22.00,38.33,65.66,0.00,0.01,0.13,1.85,7.03
102,-3.75,-0.95,0.73,2.53,4.65,3.67,6.76,8.97,11.72,15.74,85.94,89.34,92.21,95.09,98.35,0.00,0.00,0.45,9.09,23.63,4.00,13.00,21.33,39.33,65.33,0.00,0.01,0.10,1.61,6.13
103,-3.52,-0.82,0.83,2.63,4.77,3.85,6.86,9.23,11.96,16.05,85.82,89.28,92.10,94.93,98.25,0.00,0.00,0.45,9.09,25.45,3.33,12.66,20.67,40.67,64.66,0.00,0.00,0.08,1.49,5.40
104,-3.14,-0.66,1.02,2.80,4.90,4.08,7.05,9.50,12.14,16.32,85.73,89.18,92.07,94.93,98.18,0.00,0.00,0.00,8.64,26.81,3.00,12.66,20.00,42.00,64.33,0.00,0.00,0.05,1.43,4.70
105,-2.97,-0.53,1.22,2.96,5.14,4.23,7.20,9.64,12.38,16.41,85.56,89.09,92.01,94.97,98.11,0.00,0.00,0.00,8.64,27.72,2.66,13.00,20.67,43.33,64.00,0.00,0.00,0.04,1.34,4.12
106,-2.74,-0.38,1.35,3.07,5.37,4.33,7.46,9.86,12.70,16.66,85.46,89.00,91.89,94.82,98.02,0.00,0.00,0.00,7.73,28.18,2.33,13.66,21.67,45.00,63.33,0.00,0.00,0.03,1.18,3.70
107,-2.56,-0.19,1.46,3.18,5.47,4.54,7.68,10.08,13.01,17.04,85.45,88.79,91.78,94.63,97.94,0.00,0.00,0.00,6.82,29.09,2.66,14.66,23.00,45.67,62.33,0.00,0.00,0.03,1.02,3.26
108,-2.35,-0.10,1.60,3.32,5.65,4.77,7.84,10.25,13.17,17.31,85.23,88.72,91.65,94.45,97.86,0.00,0.00,0.00,5.91,29.54,3.33,15.66,24.67,45.67,61.66,0.00,0.00,0.03,0.85,2.83
109,-2.17,0.00,1.72,3.46,5.80,5.07,8.07,10.49,13.34,17.59,85.06,88.59,91.52,94.35,97.79,0.00,0.00,0.00,5.45,29.99,4.66,16.66,26.00,45.67,60.66,0.00,0.00,0.02,0.65,2.49
110,-1.88,0.18,1.85,3.65,6.01,5.27,8.29,10.68,13.60,17.88,84.96,88.44,91.37,94.31,97.69,0.00,0.00,0.00,5.00,29.99,6.00,18.00,27.33,46.00,59.33,0.00,0.00,0.01,0.45,2.16
111,-1.71,0.30,2.06,3.85,6.23,5.62,8.48,10.90,13.71,18.08,84.73,88.26,91.22,94.28,97.79,0.00,0.00,0.00,4.09,28.63,7.66,19.66,28.66,46.33,58.00,0.00,0.00,0.00,0.31,1.86
112,-1.52,0.42,2.20,3.96,6.43,5.84,8.61,11.06,13.89,18.17,84.58,88.17,91.08,94.26,97.71,0.00,0.00,0.00,3.18,26.81,9.33,21.33,30.33,46.00,57.66,0.00,0.00,0.00,0.21,1.63
113,-1.39,0.53,2.35,4.09,6.57,6.01,8.73,11.21,14.05,18.28,84.42,88.01,90.86,94.18,97.69,0.00,0.00,0.00,2.27,25.45,10.33,23.33,31.66,45.00,58.00,0.00,0.00,0.00,0.15,1.40
114,-1.29,0.60,2.41,4.18,6.73,6.18,8.91,11.33,14.23,18.45,84.19,87.78,90.63,94.04,97.71,0.00,0.00,0.00,1.82,24.54,11.00,25.00,33.66,44.33,58.33,0.00,0.00,0.00,0.08,1.21
115,-1.20,0.71,2.50,4.32,6.84,6.23,8.98,11.49,14.47,18.45,84.23,87.71,90.59,93.92,97.61,0.00,0.00,0.00,1.36,24.54,11.66,26.00,35.00,44.00,59.33,0.00,0.00,0.00,0.05,1.08
116,-1.11,0.83,2.64,4.39,6.92,6.42,9.10,11.70,14.64,18.47,84.09,87.63,90.51,93.87,97.60,0.00,0.00,0.00,1.82,24.09,12.33,26.66,36.00,44.66,60.66,0.00,0.00,0.00,0.03,0.99
117,-0.99,0.94,2.78,4.50,7.03,6.44,9.15,11.84,14.87,18.58,84.01,87.60,90.44,93.83,97.66,0.00,0.00,0.00,2.27,22.72,12.66,27.00,36.66,46.33,62.33,0.00,0.00,0.00,0.02,0.94
118,-0.87,1.06,2.89,4.69,7.26,6.62,9.22,11.91,15.14,18.86,83.98,87.62,90.36,93.82,97.65,0.00,0.00,0.00,3.18,21.81,12.66,26.99,37.33,48.33,64.33,0.00,0.00,0.00,0.02,0.90
119,-0.71,1.12,3.03,4.87,7.47,6.66,9.30,12.10,15.36,19.08,83.90,87.55,90.29,93.83,97.66,0.00,0.00,0.00,3.63,21.36,12.66,26.66,38.66,50.33,66.66,0.00,0.00,0.00,0.02,0.87
120,-0.59,1.25,3.18,5.13,7.68,6.76,9.48,12.32,15.58,19.31,83.90,87.50,90.42,93.92,97.72,0.00,0.00,0.00,4.09,21.36,12.33,26.33,40.00,52.00,69.33,0.00,0.00,0.00,0.02,0.84
121,-0.51,1.43,3.43,5.33,7.85,6.92,9.63,12.43,15.91,19.47,84.05,87.45,90.49,94.00,97.80,0.00,0.00,0.00,5.00,21.81,11.67,26.00,41.66,53.67,71.66,0.00,0.00,0.00,0.02,0.80
122,-0.42,1.63,3.66,5.58,8.13,7.08,9.85,12.54,16.14,19.69,84.01,87.53,90.68,94.21,97.83,0.00,0.00,0.00,5.91,22.27,11.67,26.00,43.00,55.33,73.33,0.00,0.00,0.00,0.01,0.76
123,-0.31,1.77,3.91,5.83,8.30,7.10,10.03,12.60,16.21,19.86,83.88,87.52,90.82,94.38,97.90,0.00,0.00,0.00,6.82,21.81,12.33,26.33,44.67,57.67,74.33,0.00,0.00,0.00,0.00,0.66
124,-0.22,1.96,4.04,5.93,8.51,7.15,10.13,12.63,16.28,20.03,83.83,87.58,90.93,94.41,97.91,0.00,0.00,0.00,7.72,21.81,13.00,26.99,45.33,59.00,75.33,0.00,0.00,0.00,0.00,0.56
125,-0.09,2.13,4.13,6.04,8.62,7.31,10.28,12.75,16.33,20.28,83.85,87.58,90.92,94.30,97.88,0.00,0.00,0.00,8.63,21.36,13.66,28.00,46.66,60.00,76.00,0.00,0.00,0.00,0.00,0.47
126,0.11,2.34,4.24,6.14,8.71,7.46,10.33,12.83,16.39,20.42,83.87,87.61,90.92,94.29,97.98,0.00,0.00,0.00,9.54,21.36,14.66,29.33,47.33,60.33,76.66,0.00,0.00,0.00,0.00,0.37
127,0.37,2.49,4.39,6.27,8.90,7.62,10.36,12.90,16.38,20.44,83.83,87.69,91.03,94.42,97.96,0.00,0.00,0.00,10.91,21.81,15.66,30.66,48.00,60.33,76.66,0.00,0.00,0.00,0.00,0.27
128,0.59,2.72,4.50,6.37,9.02,7.65,10.47,12.99,16.43,20.52,83.92,87.74,91.09,94.43,98.00,0.00,0.00,0.00,11.82,21.81,16.33,31.66,48.66,60.33,76.33,0.00,0.00,0.00,0.00,0.20
129,0.79,2.92,4.65,6.50,9.26,7.75,10.60,13.19,16.61,20.61,84.02,87.88,91.16,94.43,97.95,0.00,0.00,0.00,12.27,21.36,16.33,32.66,49.33,60.67,76.33,0.00,0.00,0.00,0.00,0.15
130,0.95,3.09,4.84,6.69,9.42,7.83,10.80,13.38,16.77,20.79,84.11,88.05,91.19,94.43,98.01,0.00,0.00,0.00,12.72,21.36,16.33,33.66,49.66,61.33,76.33,0.00,0.00,0.00,0.00,0.13
131,1.10,3.30,5.01,6.90,9.63,7.95,10.94,13.59,17.10,21.02,84.25,88.25,91.31,94.47,97.99,0.00,0.00,0.00,13.18,21.81,16.00,34.66,50.00,62.00,76.66,0.00,0.00,0.00,0.00,0.11
132,1.24,3.51,5.21,7.12,9.84,8.15,11.09,13.76,17.27,21.28,84.28,88.37,91.45,94.59,98.11,0.00,0.00,0.00,13.18,22.72,15.33,35.33,50.00,62.66,77.00,0.00,0.00,0.00,0.00,0.11
133,1.41,3.74,5.42,7.37,10.11,8.32,11.27,13.98,17.60,21.61,84.33,88.52,91.63,94.68,98.05,0.00,0.00,0.00,13.63,24.08,14.33,34.66,49.66,62.66,78.00,0.00,0.00,0.00,0.00,0.11
134,1.60,3.98,5.66,7.64,10.40,8.47,11.49,14.21,17.83,21.87,84.37,88.68,91.68,94.69,98.06,0.00,0.00,0.00,13.63,24.54,13.00,33.66,49.33,63.33,78.66,0.00,0.00,0.00,0.00,0.11
135,1.80,4.19,5.89,7.84,10.68,8.69,11.72,14.35,17.99,22.17,84.29,88.73,91.69,94.77,98.05,0.00,0.00,0.00,13.18,25.00,11.66,32.33,48.00,64.00,79.33,0.00,0.00,0.00,0.00,0.08
136,2.02,4.39,6.07,8.03,10.95,8.72,11.86,14.49,18.19,22.48,84.24,88.75,91.79,94.84,98.01,0.00,0.00,0.00,12.72,25.45,10.00,30.66,47.66,64.33,79.66,0.00,0.00,0.00,0.00,0.06
137,2.24,4.56,6.23,8.21,11.16,9.01,12.02,14.60,18.30,22.72,84.16,88.79,91.91,94.88,97.92,0.00,0.00,0.00,11.81,25.91,8.33,29.33,46.66,64.33,80.00,0.00,0.00,0.00,0.00,0.05
138,2.42,4.72,6.38,8.31,11.38,9.11,12.14,14.70,18.26,22.89,84.10,88.90,91.94,94.91,97.87,0.00,0.00,0.00,10.91,26.81,6.66,28.66,45.00,64.00,79.66,0.00,0.00,0.00,0.00,0.04
139,2.59,4.89,6.52,8.44,11.55,9.41,12.31,14.70,18.27,23.00,84.22,89.02,92.13,94.93,97.86,0.00,0.00,0.00,10.45,28.18,5.33,28.00,43.00,62.66,78.33,0.00,0.00,0.00,0.00,0.03
140,2.78,5.05,6.63,8.50,11.69,9.58,12.40,14.81,18.25,23.08,84.27,89.01,92.07,94.92,97.83,0.00,0.00,0.00,10.00,28.63,4.00,27.33,42.00,61.66,77.00,0.00,0.00,0.00,0.00,0.03
141,2.97,5.14,6.71,8.53,11.84,9.71,12.46,14.90,18.20,23.19,84.17,89.05,92.15,95.03,97.83,0.00,0.00,0.00,9.09,29.09,3.00,26.66,40.66,60.33,76.00,0.00,0.00,0.00,0.00,0.03
142,3.22,5.28,6.81,8.58,11.95,9.90,12.56,15.01,18.35,23.33,84.06,88.96,92.09,94.96,97.76,0.00,0.00,0.00,8.63,29.09,2.00,25.66,39.66,58.66,75.00,0.00,0.00,0.00,0.00,0.02
143,3.40,5.45,6.92,8.68,12.05,10.14,12.67,15.15,18.51,23.55,84.01,88.92,91.98,94.88,97.74,0.00,0.00,0.00,7.72,28.63,1.33,24.99,39.00,57.66,73.00,0.00,0.00,0.00,0.00,0.00
144,3.57,5.57,7.08,8.86,12.25,10.28,12.84,15.48,18.82,23.81,83.90,88.81,91.88,94.80,97.72,0.00,0.00,0.00,6.82,29.09,1.00,24.33,38.33,57.00,70.66,0.00,0.00,0.00,0.00,0.00
145,3.74,5.74,7.27,9.08,12.51,10.40,12.96,15.77,19.22,24.05,83.77,88.81,91.79,94.75,97.76,0.00,0.00,0.00,5.91,30.00,0.67,23.33,38.00,55.66,68.66,0.00,0.00,0.00,0.00,0.00
146,3.89,5.92,7.52,9.32,12.70,10.58,13.15,16.05,19.43,24.22,83.68,88.68,91.70,94.56,97.69,0.00,0.00,0.00,5.00,30.90,0.67,22.66,37.33,55.33,67.33,0.00,0.00,0.00,0.00,0.00
147,3.96,6.06,7.67,9.54,12.80,10.69,13.45,16.26,19.77,24.38,83.47,88.55,91.52,94.40,97.71,0.00,0.00,0.00,4.09,31.81,0.67,21.33,37.66,55.33,66.66,0.00,0.00,0.00,0.00,0.00
148,4.09,6.21,7.84,9.76,12.98,10.89,13.68,16.58,20.13,24.62,83.25,88.38,91.35,94.27,97.62,0.00,0.00,0.00,3.18,32.27,1.00,20.33,38.33,55.33,66.66,0.00,0.00,0.00,0.00,0.00
149,4.18,6.35,8.01,9.92,13.12,11.09,13.76,16.74,20.29,24.79,83.07,88.14,91.27,94.27,97.68,0.00,0.00,0.00,2.72,31.36,1.00,19.66,38.66,56.33,67.00,0.00,0.00,0.00,0.00,0.00
150,4.31,6.46,8.15,10.05,13.27,11.29,13.89,16.94,20.46,24.98,82.86,87.97,91.28,94.28,97.61,0.00,0.00,0.00,2.72,30.45,1.00,19.66,38.66,56.33,67.66,0.00,0.00,0.00,0.00,0.00
151,4.46,6.62,8.26,10.11,13.41,11.37,14.06,17.08,20.56,25.16,82.62,87.88,91.22,94.19,97.59,0.00,0.00,0.00,3.18,28.63,1.33,20.33,38.66,57.00,67.33,0.00,0.00,0.00,0.00,0.00
152,4.65,6.75,8.38,10.25,13.59,11.53,14.25,17.17,20.76,25.42,82.44,87.73,91.15,94.06,97.55,0.00,0.00,0.00,3.63,26.81,2.00,22.00,39.00,58.33,67.66,0.00,0.00,0.00,0.00,0.00
153,4.85,6.88,8.49,10.37,13.73,11.62,14.32,17.25,20.73,25.53,82.20,87.68,91.16,94.06,97.63,0.00,0.00,0.00,4.09,25.45,3.33,24.00,39.66,59.33,68.33,0.00,0.00,0.00,0.00,0.00
154,5.00,7.01,8.62,10.44,13.79,11.72,14.35,17.27,20.85,25.58,81.98,87.65,91.18,94.19,97.62,0.00,0.00,0.00,5.00,23.18,5.33,25.33,40.66,59.66,70.00,0.00,0.00,0.00,0.00,0.00
155,5.17,7.14,8.77,10.56,13.83,11.86,14.48,17.35,20.93,25.66,81.86,87.58,91.15,94.16,97.58,0.00,0.00,0.00,5.91,20.45,7.66,27.66,42.33,61.00,71.00,0.00,0.00,0.00,0.00,0.00
156,5.31,7.24,8.86,10.62,13.85,12.14,14.64,17.45,20.98,25.66,81.80,87.51,91.09,94.04,97.48,0.00,0.00,0.00,6.82,18.18,10.00,30.00,44.00,61.00,71.00,0.00,0.00,0.00,0.00,0.00
157,5.43,7.36,8.96,10.72,13.94,12.22,14.76,17.55,20.98,25.70,81.65,87.50,90.96,93.95,97.35,0.00,0.00,0.00,7.73,15.90,12.66,32.66,45.33,61.00,71.00,0.00,0.00,0.00,0.00,0.00
158,5.59,7.44,9.09,10.84,13.96,12.43,14.92,17.76,21.10,25.76,81.59,87.43,91.00,93.89,97.41,0.00,0.00,0.00,8.63,14.54,15.00,34.66,46.66,61.66,71.66,0.00,0.00,0.00,0.00,0.00
159,5.76,7.55,9.23,10.96,14.06,12.49,15.08,17.99,21.15,25.88,81.55,87.44,90.98,93.91,97.37,0.00,0.00,0.00,9.09,14.09,17.66,36.33,47.66,62.00,72.66,0.00,0.00,0.00,0.00,0.00
160,5.88,7.72,9.36,11.10,14.17,12.63,15.19,18.05,21.22,25.98,81.74,87.68,91.14,93.95,97.44,0.00,0.00,0.00,9.09,13.63,20.00,37.66,48.33,62.66,73.00,0.00,0.00,0.00,0.00,0.00
161,6.02,7.87,9.47,11.33,14.33,12.68,15.30,18.08,21.27,26.03,82.09,87.85,91.19,93.92,97.49,0.00,0.00,0.45,9.09,13.63,21.66,38.33,49.00,63.00,74.00,0.00,0.00,0.00,0.00,0.00
162,6.06,7.99,9.58,11.50,14.45,12.74,15.35,18.14,21.26,26.08,82.49,88.03,91.22,93.97,97.53,0.00,0.00,0.45,9.09,14.09,23.33,37.66,49.66,63.33,74.66,0.00,0.00,0.00,0.00,0.00
163,6.12,8.05,9.66,11.65,14.59,12.81,15.44,18.17,21.25,25.97,82.89,88.27,91.51,94.12,97.54,0.00,0.00,0.45,9.09,14.54,24.00,37.00,50.33,63.66,75.33,0.00,0.00,0.00,0.00,0.00
164,6.25,8.13,9.73,11.76,14.59,13.00,15.53,18.07,21.11,25.70,83.35,88.47,91.70,94.22,97.59,0.00,0.00,0.45,9.09,15.45,24.33,37.00,51.00,64.00,75.66,0.00,0.00,0.00,0.00,0.00
165,6.43,8.20,9.80,11.79,14.50,13.10,15.62,18.05,20.92,25.45,83.66,88.67,91.96,94.44,97.59,0.00,0.00,0.45,9.09,16.36,24.00,36.66,50.66,64.00,76.33,0.00,0.00,0.00,0.00,0.00
166,6.54,8.28,9.84,11.85,14.49,13.22,15.71,18.07,20.98,25.42,83.84,88.89,92.11,94.60,97.52,0.00,0.00,0.45,8.64,16.81,23.00,36.00,50.33,64.66,78.00,0.00,0.00,0.00,0.00,0.00
167,6.72,8.39,9.95,11.90,14.62,13.35,15.65,18.14,21.04,25.47,84.16,89.05,92.22,94.71,97.60,0.00,0.00,0.45,8.18,17.27,21.33,35.33,49.66,65.33,79.33,0.00,0.00,0.00,0.00,0.00
168,6.82,8.46,10.02,12.04,14.69,13.31,15.64,18.07,21.07,25.54,84.44,89.22,92.35,94.91,97.74,0.00,0.00,0.45,7.72,17.27,19.33,34.66,48.33,66.00,80.33,0.00,0.00,0.00,0.00,0.00
169,6.94,8.56,10.08,12.13,14.78,13.45,15.81,18.06,21.09,25.63,84.67,89.40,92.51,94.92,97.71,0.00,0.00,0.45,7.72,17.27,17.00,34.00,47.66,66.33,81.00,0.00,0.00,0.00,0.00,0.00
170,7.11,8.68,10.13,12.18,14.85,13.51,15.87,18.08,21.13,25.60,84.86,89.51,92.54,94.94,97.74,0.00,0.00,0.45,7.72,17.73,15.00,33.33,47.00,66.66,81.66,0.00,0.00,0.00,0.00,0.00
171,7.24,8.76,10.24,12.27,14.79,13.60,15.93,18.11,21.21,25.53,84.98,89.53,92.55,95.03,97.67,0.00,0.00,0.00,7.72,18.63,13.66,33.00,47.00,66.99,82.66,0.00,0.00,0.00,0.00,0.00
172,7.35,8.87,10.32,12.33,14.70,13.67,15.95,18.18,21.18,25.49,85.22,89.75,92.66,95.07,97.59,0.00,0.00,0.00,7.72,19.09,12.00,33.33,47.00,66.99,83.00,0.00,0.00,0.00,0.00,0.00
173,7.42,8.92,10.38,12.38,14.77,13.82,16.02,18.19,21.20,25.49,85.57,89.83,92.65,95.08,97.54,0.00,0.00,0.00,7.72,19.54,11.00,33.66,47.00,66.99,82.66,0.00,0.00,0.00,0.00,0.00
174,7.55,9.00,10.43,12.46,14.82,13.96,16.12,18.28,21.27,25.49,85.84,89.92,92.76,95.09,97.55,0.00,0.00,0.00,7.72,20.00,9.66,33.66,47.33,66.99,82.00,0.00,0.00,0.00,0.00,0.00
175,7.62,9.07,10.48,12.58,14.96,13.96,16.08,18.41,21.55,25.55,85.91,89.96,92.75,95.19,97.64,0.00,0.00,0.00,7.72,20.91,9.00,33.66,48.00,66.99,81.33,0.00,0.00,0.00,0.00,0.00
176,7.69,9.17,10.60,12.79,15.08,13.95,16.12,18.51,21.80,25.68,86.04,90.03,92.81,95.26,97.67,0.00,0.00,0.00,8.18,22.27,8.66,33.66,48.33,66.99,80.33,0.00,0.00,0.00,0.00,0.00
177,7.75,9.28,10.77,12.95,15.19,14.03,16.22,18.61,22.02,25.81,86.28,90.05,92.99,95.45,97.94,0.00,0.00,0.00,8.63,23.63,9.33,33.66,49.00,67.33,80.00,0.00,0.00,0.00,0.00,0.00
178,7.85,9.42,10.90,13.11,15.28,14.02,16.30,18.71,22.18,25.97,86.39,90.12,93.09,95.58,97.91,0.00,0.00,0.00,9.09,24.54,10.33,34.33,50.66,67.33,79.00,0.00,0.00,0.00,0.00,0.00
179,7.94,9.58,11.02,13.26,15.40,14.14,16.37,18.72,22.19,25.92,86.70,90.32,93.26,95.68,97.99,0.00,0.00,0.00,9.09,24.99,12.00,35.00,52.33,67.33,78.33,0.00,0.00,0.00,0.00,0.00
180,8.03,9.67,11.12,13.34,15.43,14.12,16.44,18.87,22.27,25.91,86.66,90.36,93.24,95.69,98.01,0.00,0.00,0.00,9.09,25.45,13.33,35.33,53.66,67.33,77.66,0.00,0.00,0.00,0.00,0.00
181,8.10,9.75,11.24,13.37,15.46,14.22,16.48,18.99,22.35,25.90,86.62,90.36,93.18,95.66,97.96,0.00,0.00,0.00,8.18,25.45,14.33,35.33,54.00,67.33,76.33,0.00,0.00,0.00,0.00,0.00
182,8.23,9.83,11.28,13.41,15.47,14.33,16.50,19.08,22.33,25.95,86.57,90.33,93.19,95.61,98.00,0.00,0.00,0.00,7.27,25.45,15.33,35.00,54.33,67.00,76.00,0.00,0.00,0.00,0.00,0.00
183,8.35,9.95,11.37,13.42,15.52,14.35,16.56,19.17,22.36,26.16,86.49,90.25,93.04,95.57,98.08,0.00,0.00,0.00,6.36,25.45,16.00,34.66,54.33,66.33,76.66,0.00,0.00,0.00,0.00,0.00
184,8.46,10.10,11.48,13.46,15.64,14.39,16.64,19.26,22.55,26.44,86.42,90.29,93.02,95.58,98.07,0.00,0.00,0.00,5.45,24.54,16.66,35.00,53.33,65.66,77.66,0.00,0.00,0.00,0.00,0.00
185,8.55,10.19,11.56,13.52,15.78,14.51,16.69,19.23,22.67,26.61,86.52,90.38,93.06,95.55,98.09,0.00,0.00,0.00,4.55,22.72,17.00,34.66,52.33,65.00,78.66,0.00,0.00,0.00,0.00,0.00
186,8.67,10.26,11.61,13.53,15.88,14.57,16.68,19.21,22.57,26.70,86.60,90.47,93.14,95.65,98.15,0.00,0.00,0.00,3.64,20.45,16.99,34.33,52.00,64.33,79.33,0.00,0.00,0.00,0.00,0.00
187,8.76,10.30,11.59,13.52,15.95,14.63,16.77,19.15,22.43,26.73,86.62,90.62,93.27,95.74,98.15,0.00,0.00,0.00,2.73,18.18,16.33,33.66,52.00,64.00,79.66,0.00,0.00,0.00,0.00,0.00
188,8.89,10.37,11.66,13.47,15.97,14.83,16.85,19.17,22.29,26.67,86.60,90.72,93.34,95.71,98.06,0.00,0.00,0.00,1.82,16.36,15.99,32.33,51.33,63.33,80.00,0.00,0.00,0.00,0.00,0.00
189,8.99,10.42,11.72,13.46,15.98,14.83,16.83,19.22,22.34,26.64,86.65,90.78,93.24,95.76,98.03,0.00,0.00,0.00,0.91,15.00,15.33,31.00,51.00,63.00,80.00,0.00,0.00,0.00,0.00,0.00
190,9.02,10.49,11.80,13.48,16.00,14.88,16.92,19.23,22.26,26.42,86.91,90.90,93.28,95.76,97.98,0.00,0.00,0.00,0.00,13.63,14.99,30.00,50.33,62.33,80.00,0.00,0.00,0.00,0.00,0.00
191,9.09,10.54,11.83,13.49,16.06,14.92,16.92,19.26,22.19,26.44,87.04,91.00,93.34,95.77,98.04,0.00,0.00,0.00,0.00,12.27,14.99,29.00,49.66,62.00,80.33,0.00,0.00,0.00,0.00,0.00
192,9.08,10.55,11.85,13.54,16.10,14.85,16.92,19.36,22.29,26.55,87.05,90.96,93.31,95.76,98.10,0.00,0.00,0.00,0.45,10.91,15.33,28.33,49.00,62.33,80.00,0.00,0.00,0.00,0.00,0.00
193,9.12,10.58,11.92,13.57,16.16,14.85,16.95,19.43,22.40,26.70,87.05,90.97,93.29,95.76,98.11,0.00,0.00,0.00,0.45,9.54,15.66,28.00,48.33,63.00,79.33,0.00,0.00,0.00,0.00,0.00
194,9.13,10.62,11.97,13.63,16.22,14.87,16.98,19.53,22.37,26.71,87.16,90.98,93.31,95.69,98.04,0.00,0.00,0.00,0.45,9.54,15.66,27.66,48.33,64.00,78.66,0.00,0.00,0.00,0.00,0.00
195,9.17,10.67,12.06,13.64,16.17,14.94,17.08,19.50,22.22,26.65,87.31,91.14,93.43,95.72,98.08,0.00,0.00,0.00,0.45,10.00,16.33,28.00,48.33,64.66,78.33,0.00,0.00,0.00,0.00,0.00
196,9.22,10.75,12.10,13.61,16.15,15.02,17.10,19.48,22.16,26.64,87.45,91.30,93.43,95.73,98.17,0.00,0.00,0.00,0.45,10.00,17.33,28.33,48.00,64.66,78.00,0.00,0.00,0.00,0.00,0.00
197,9.28,10.83,12.11,13.64,16.20,14.91,17.09,19.45,22.25,26.71,87.46,91.37,93.46,95.73,98.20,0.00,0.00,0.00,0.45,10.00,18.00,29.00,47.33,64.00,77.33,0.00,0.00,0.00,0.00,0.00
198,9.32,10.88,12.13,13.71,16.29,14.89,17.06,19.38,22.36,26.73,87.49,91.43,93.46,95.70,98.24,0.00,0.00,0.00,0.45,10.00,19.00,30.66,47.33,64.00,77.33,0.00,0.00,0.00,0.00,0.00
199,9.32,10.90,12.18,13.74,16.34,14.89,17.03,19.50,22.53,26.92,87.31,91.36,93.35,95.68,98.22,0.00,0.00,0.00,0.45,10.00,19.66,33.00,47.00,63.66,77.33,0.00,0.00,0.00,0.00,0.00
200,9.35,10.92,12.20,13.84,16.43,15.03,17.09,19.48,22.56,27.03,87.36,91.39,93.35,95.65,98.20,0.00,0.00,0.00,0.45,10.00,20.66,34.66,47.66,64.00,77.00,0.00,0.00,0.00,0.00,0.00
201,9.44,10.96,12.23,13.94,16.50,15.08,17.14,19.54,22.64,27.10,87.36,91.47,93.44,95.77,98.25,0.00,0.00,0.00,0.45,10.00,22.00,36.00,48.66,64.00,76.66,0.00,0.00,0.00,0.00,0.00
202,9.46,11.00,12.28,13.96,16.53,15.11,17.18,19.53,22.63,27.06,87.30,91.53,93.58,95.90,98.28,0.00,0.00,0.00,0.00,10.00,23.33,37.66,49.33,63.33,76.00,0.00,0.00,0.00,0.00,0.00
203,9.51,11.04,12.32,13.98,16.55,15.18,17.20,19.50,22.62,27.02,87.21,91.61,93.69,95.89,98.22,0.00,0.00,0.00,0.00,10.00,25.00,39.33,49.66,62.33,75.66,0.00,0.00,0.00,0.00,0.00
204,9.53,11.03,12.35,14.04,16.55,15.18,17.19,19.53,22.57,26.93,87.29,91.67,93.66,95.80,98.19,0.00,0.00,0.00,0.00,9.54,26.66,40.33,50.33,61.00,75.66,0.00,0.00,0.00,0.00,0.00
205,9.55,11.04,12.36,14.09,16.54,15.22,17.23,19.64,22.58,26.90,87.16,91.60,93.60,95.75,98.14,0.00,0.00,0.00,0.00,9.09,27.33,41.00,51.00,60.33,75.66,0.00,0.00,0.00,0.00,0.00
206,9.55,11.08,12.46,14.19,16.58,15.24,17.24,19.71,22.68,26.96,87.23,91.69,93.68,95.78,98.26,0.00,0.00,0.00,0.00,9.09,28.00,41.66,52.00,61.00,76.00,0.00,0.00,0.00,0.00,0.00
207,9.53,11.13,12.57,14.28,16.51,15.31,17.28,19.77,22.71,26.87,87.39,91.66,93.71,95.78,98.29,0.00,0.00,0.00,0.00,9.09,28.66,42.66,52.66,61.33,76.33,0.00,0.00,0.00,0.00,0.00
208,9.55,11.18,12.62,14.31,16.43,15.28,17.32,19.80,22.71,26.66,87.57,91.72,93.78,95.82,98.31,0.00,0.00,0.00,0.00,9.54,28.66,43.00,53.00,61.33,76.33,0.00,0.00,0.00,0.00,0.00
209,9.57,11.23,12.68,14.35,16.32,15.24,17.29,19.80,22.71,26.53,87.69,91.77,93.91,95.84,98.36,0.00,0.00,0.00,0.00,10.45,28.66,42.33,53.33,62.00,76.67,0.00,0.00,0.00,0.00,0.00
210,9.57,11.30,12.70,14.40,16.30,15.23,17.28,19.87,22.85,26.69,87.62,91.76,93.92,95.86,98.43,0.00,0.00,0.00,0.91,11.82,28.33,42.00,53.33,62.66,77.33,0.00,0.00,0.00,0.00,0.00
211,9.53,11.34,12.73,14.47,16.35,15.15,17.30,19.83,22.88,26.79,87.75,91.75,94.08,96.01,98.47,0.00,0.00,0.00,1.82,13.18,27.33,42.00,53.66,63.00,78.33,0.00,0.00,0.00,0.00,0.00
212,9.56,11.34,12.80,14.47,16.40,15.09,17.29,19.74,22.84,26.62,87.96,91.90,94.19,96.13,98.52,0.00,0.00,0.00,2.73,14.54,25.66,41.33,54.33,63.66,79.33,0.00,0.00,0.00,0.00,0.00
213,9.54,11.39,12.78,14.50,16.37,14.98,17.28,19.73,22.79,26.51,88.12,91.97,94.28,96.18,98.60,0.00,0.00,0.00,3.64,15.91,23.33,40.67,55.00,64.66,80.00,0.00,0.00,0.00,0.00,0.00
214,9.48,11.39,12.82,14.49,16.36,14.88,17.20,19.62,22.71,26.43,88.31,92.14,94.44,96.30,98.64,0.00,0.00,0.00,4.55,17.27,21.00,40.67,55.00,65.66,80.00,0.00,0.00,0.00,0.00,0.00
215,9.41,11.41,12.80,14.47,16.34,14.84,17.16,19.59,22.58,26.40,88.48,92.21,94.49,96.32,98.60,0.00,0.00,0.00,5.45,18.63,19.00,40.67,55.00,66.66,80.00,0.00,0.00,0.00,0.00,0.00
216,9.32,11.36,12.76,14.47,16.36,14.78,17.12,19.55,22.39,26.36,88.60,92.22,94.61,96.44,98.65,0.00,0.00,0.00,6.36,19.99,17.33,40.67,55.00,66.66,80.00,0.00,0.00,0.00,0.00,0.00
217,9.33,11.31,12.74,14.38,16.24,14.92,17.11,19.47,22.14,26.23,88.74,92.34,94.64,96.49,98.62,0.00,0.00,0.00,7.27,21.36,16.33,40.33,55.33,67.00,80.33,0.00,0.00,0.00,0.00,0.00
218,9.32,11.29,12.70,14.26,16.19,15.03,17.13,19.40,21.89,26.06,88.92,92.45,94.76,96.57,98.62,0.00,0.00,0.00,8.18,21.81,15.66,40.00,55.33,68.00,80.67,0.00,0.00,0.00,0.00,0.00
219,9.40,11.29,12.66,14.18,16.11,15.09,17.18,19.27,21.69,25.84,89.08,92.53,94.82,96.60,98.63,0.00,0.00,0.00,9.09,21.36,15.66,40.00,55.00,68.33,81.67,0.00,0.00,0.00,0.00,0.00
220,9.45,11.28,12.62,14.07,16.00,14.98,17.13,19.19,21.55,25.73,89.12,92.55,94.87,96.69,98.65,0.00,0.00,0.00,8.18,19.99,15.66,39.67,54.33,68.00,82.67,0.00,0.00,0.00,0.00,0.00
221,9.43,11.26,12.56,13.94,15.94,14.91,17.15,19.08,21.36,25.64,89.15,92.64,94.91,96.70,98.62,0.00,0.00,0.00,7.27,18.63,15.66,39.00,53.66,67.66,83.00,0.00,0.00,0.00,0.00,0.00
222,9.46,11.25,12.54,13.89,15.98,14.85,17.12,19.02,21.34,25.60,89.29,92.75,94.92,96.69,98.61,0.00,0.00,0.00,6.36,17.72,16.33,39.33,53.00,67.33,83.33,0.00,0.00,0.00,0.00,0.00
223,9.48,11.22,12.49,13.86,15.92,14.80,17.11,19.03,21.35,25.39,89.52,92.86,94.96,96.79,98.63,0.00,0.00,0.00,5.91,16.81,17.33,39.33,52.66,67.00,83.66,0.00,0.00,0.00,0.00,0.00
224,9.48,11.20,12.50,13.84,15.82,14.79,17.09,18.99,21.27,25.26,89.56,92.95,95.08,96.94,98.65,0.00,0.00,0.00,5.45,16.36,19.00,39.67,52.66,66.66,84.33,0.00,0.00,0.00,0.00,0.00
225,9.46,11.21,12.49,13.78,15.81,14.70,17.03,18.88,21.12,25.10,89.70,93.04,95.15,96.99,98.69,0.00,0.00,0.00,4.54,15.90,20.66,40.33,52.33,66.00,84.33,0.00,0.00,0.00,0.00,0.00
226,9.44,11.16,12.41,13.70,15.74,14.62,17.04,18.78,21.03,24.84,89.66,92.98,95.09,97.03,98.65,0.00,0.00,0.00,3.63,15.45,22.00,40.66,52.00,66.00,84.33,0.00,0.00,0.00,0.00,0.00
227,9.38,11.10,12.33,13.63,15.63,14.51,16.93,18.73,20.97,24.72,89.69,93.03,95.10,97.09,98.63,0.00,0.00,0.00,2.73,15.00,23.00,40.66,51.66,65.66,84.33,0.00,0.00,0.00,0.00,0.00
228,9.27,11.00,12.25,13.55,15.56,14.42,16.81,18.63,20.88,24.81,89.70,93.04,95.11,97.17,98.66,0.00,0.00,0.00,1.82,15.00,24.00,41.33,51.66,64.33,84.33,0.00,0.00,0.00,0.00,0.00
229,9.20,10.91,12.17,13.48,15.56,14.31,16.76,18.49,20.73,24.83,89.78,93.13,95.14,97.21,98.71,0.00,0.00,0.00,0.91,15.00,24.00,42.00,52.00,63.00,83.33,0.00,0.00,0.00,0.00,0.00
230,9.12,10.75,12.08,13.40,15.56,14.20,16.62,18.24,20.48,24.86,89.95,93.24,95.31,97.35,98.80,0.00,0.00,0.00,0.91,15.45,24.00,42.66,52.33,62.33,82.00,0.00,0.00,0.00,0.00,0.00
231,9.02,10.65,11.99,13.26,15.48,14.17,16.52,18.11,20.25,24.55,90.01,93.35,95.37,97.35,98.79,0.00,0.00,0.00,0.91,15.91,24.00,43.33,52.66,62.00,81.00,0.00,0.00,0.00,0.00,0.00
232,8.91,10.59,11.87,13.13,15.35,14.20,16.44,17.95,20.02,24.26,90.11,93.39,95.41,97.32,98.75,0.00,0.00,0.00,0.91,15.91,23.66,42.66,52.33,61.66,80.66,0.00,0.00,0.00,0.00,0.00
233,8.82,10.50,11.77,13.01,15.17,14.18,16.28,17.79,19.81,23.88,90.17,93.43,95.39,97.36,98.72,0.00,0.00,0.00,0.45,15.45,23.33,41.33,51.66,61.33,80.00,0.00,0.00,0.00,0.00,0.00
234,8.74,10.42,11.64,12.86,14.98,14.12,16.28,17.70,19.65,23.76,90.19,93.42,95.40,97.42,98.78,0.00,0.00,0.00,0.00,14.54,22.66,39.33,51.33,61.00,78.66,0.00,0.00,0.00,0.00,0.00
235,8.65,10.32,11.51,12.74,14.95,14.05,16.18,17.59,19.54,23.56,90.31,93.41,95.39,97.43,98.80,0.00,0.00,0.00,0.00,13.63,21.66,37.33,50.66,61.00,77.33,0.00,0.00,0.00,0.00,0.00
236,8.63,10.25,11.43,12.59,14.79,14.01,16.15,17.49,19.42,23.26,90.43,93.47,95.36,97.31,98.77,0.00,0.00,0.00,0.45,12.72,20.66,36.00,49.66,60.33,76.00,0.00,0.00,0.00,0.00,0.00
237,8.49,10.17,11.31,12.46,14.67,13.87,16.11,17.43,19.26,22.95,90.58,93.49,95.39,97.24,98.72,0.00,0.00,0.00,1.36,11.81,19.33,34.33,48.66,59.66,74.33,0.00,0.00,0.00,0.00,0.00
238,8.32,10.10,11.23,12.38,14.51,13.62,16.01,17.35,19.17,22.77,90.69,93.51,95.36,97.26,98.73,0.00,0.00,0.00,2.27,10.91,17.67,31.66,47.33,59.33,73.00,0.00,0.00,0.00,0.00,0.00
239,8.03,9.97,11.13,12.26,14.35,13.48,15.86,17.25,19.10,22.54,90.79,93.52,95.38,97.26,98.78,0.00,0.00,0.00,3.18,10.45,17.00,29.33,46.00,59.33,72.00,0.00,0.00,0.00,0.00,0.00
240,7.91,9.90,11.06,12.15,14.15,13.40,15.75,17.14,19.07,22.34,90.91,93.52,95.39,97.26,98.79,0.00,0.00,0.00,4.09,10.45,16.00,27.00,44.66,59.00,71.66,0.00,0.00,0.00,0.00,0.00
241,7.80,9.78,10.94,12.05,13.99,13.35,15.61,17.02,18.96,22.09,91.01,93.51,95.39,97.25,98.83,0.00,0.00,0.00,5.00,10.45,15.00,25.33,42.66,58.66,71.66,0.00,0.00,0.00,0.00,0.00
242,7.70,9.65,10.84,11.98,13.86,13.36,15.53,16.95,18.82,21.88,91.05,93.45,95.37,97.22,98.80,0.00,0.00,0.00,5.91,10.91,14.00,24.66,41.00,58.33,71.66,0.00,0.00,0.00,0.00,0.00
243,7.57,9.58,10.78,11.89,13.82,13.31,15.39,16.79,18.73,21.82,91.08,93.42,95.34,97.16,98.83,0.00,0.00,0.45,6.82,12.27,13.00,24.33,39.66,57.99,72.00,0.00,0.00,0.00,0.00,0.00
244,7.46,9.50,10.66,11.79,13.75,13.16,15.26,16.67,18.64,21.79,91.25,93.44,95.40,97.18,98.87,0.00,0.00,0.91,8.64,14.09,12.00,23.66,38.33,57.33,72.66,0.00,0.00,0.00,0.00,0.00
245,7.35,9.39,10.58,11.72,13.69,13.05,15.16,16.60,18.56,21.78,91.36,93.51,95.46,97.25,98.94,0.00,0.00,1.36,10.45,16.36,11.33,23.33,38.00,56.66,73.66,0.00,0.00,0.00,0.00,0.00
246,7.29,9.29,10.47,11.60,13.59,13.03,15.07,16.48,18.48,21.68,91.61,93.66,95.55,97.24,98.97,0.00,0.00,1.82,11.82,18.63,11.00,22.66,37.33,56.33,75.00,0.00,0.00,0.00,0.00,0.00
247,7.23,9.22,10.38,11.50,13.50,12.91,14.95,16.31,18.28,21.57,91.65,93.71,95.60,97.23,98.98,0.00,0.00,2.27,13.18,20.45,10.67,22.66,36.66,56.66,76.33,0.00,0.00,0.00,0.00,0.00
248,7.14,9.15,10.28,11.44,13.42,12.80,14.88,16.17,18.13,21.51,91.78,93.77,95.64,97.20,98.96,0.00,0.00,3.18,14.54,22.27,11.00,23.33,36.33,57.33,77.33,0.00,0.00,0.00,0.00,0.00
249,7.00,9.06,10.19,11.32,13.41,12.76,14.77,15.99,17.98,21.36,91.80,93.81,95.64,97.22,98.93,0.00,0.00,4.09,15.91,24.09,11.00,23.00,36.00,58.33,77.66,0.00,0.00,0.00,0.00,0.00
250,6.86,8.96,10.03,11.16,13.32,12.61,14.65,15.89,17.79,21.16,91.75,93.86,95.55,97.16,98.90,0.00,0.00,5.00,17.27,25.90,11.33,23.00,35.66,59.33,77.66,0.00,0.00,0.00,0.00,0.00
251,6.70,8.77,9.89,11.10,13.18,12.42,14.49,15.77,17.74,20.94,91.84,93.91,95.47,97.07,98.90,0.00,0.00,5.91,18.18,28.18,11.33,22.66,35.33,59.66,77.33,0.00,0.00,0.00,0.00,0.00
252,6.58,8.62,9.72,10.98,13.11,12.25,14.35,15.66,17.60,20.91,91.77,93.90,95.45,97.06,98.89,0.00,0.00,6.82,19.09,30.00,11.33,22.00,35.00,60.00,76.66,0.00,0.00,0.00,0.00,0.00
253,6.41,8.46,9.61,10.91,13.13,12.10,14.23,15.57,17.54,20.87,91.86,93.93,95.53,97.05,98.88,0.00,0.00,7.27,20.00,30.90,11.33,22.33,34.66,60.00,75.66,0.00,0.00,0.00,0.00,0.00
254,6.34,8.30,9.53,10.88,13.11,11.99,14.08,15.46,17.44,20.68,91.96,94.01,95.52,97.04,98.87,0.00,0.00,7.72,19.09,30.90,11.33,23.00,34.33,60.00,75.00,0.00,0.00,0.00,0.00,0.00
255,6.33,8.20,9.45,10.82,13.03,11.79,13.98,15.32,17.37,20.65,92.09,94.12,95.58,97.08,98.89,0.00,0.00,7.73,18.18,30.45,11.66,23.33,33.66,59.00,73.67,0.00,0.00,0.00,0.00,0.00
256,6.19,8.08,9.35,10.75,13.01,11.51,13.78,15.17,17.24,20.60,92.19,94.24,95.68,97.19,98.94,0.00,0.00,7.72,17.27,30.00,11.33,23.66,33.66,57.66,72.33,0.00,0.00,0.00,0.00,0.00
257,6.11,7.99,9.26,10.70,12.95,11.33,13.60,15.00,17.17,20.50,92.23,94.28,95.71,97.26,99.02,0.00,0.00,7.27,15.91,30.45,11.66,24.00,33.66,55.66,71.66,0.00,0.00,0.00,0.00,0.00
258,6.04,7.85,9.17,10.62,12.86,11.27,13.48,14.87,17.09,20.40,92.25,94.34,95.76,97.27,99.05,0.00,0.00,6.36,14.54,30.90,12.00,24.00,33.33,53.66,70.66,0.00,0.00,0.00,0.00,0.00
259,5.98,7.76,9.07,10.54,12.75,11.09,13.37,14.80,16.94,20.40,92.30,94.39,95.78,97.26,99.04,0.00,0.00,5.45,13.18,31.36,12.00,24.66,33.00,51.66,70.00,0.00,0.00,0.00,0.00,0.00
260,5.77,7.63,8.97,10.48,12.73,10.87,13.28,14.71,16.78,20.30,92.39,94.49,95.87,97.31,99.07,0.00,0.00,4.54,11.82,30.90,12.00,25.33,33.00,49.66,69.66,0.00,0.00,0.00,0.00,0.00
261,5.57,7.56,8.93,10.46,12.68,10.72,13.18,14.60,16.68,20.18,92.53,94.59,95.90,97.32,99.08,0.00,0.00,4.09,10.91,29.99,12.33,25.99,33.66,48.33,69.33,0.00,0.00,0.00,0.00,0.00
262,5.38,7.50,8.87,10.35,12.58,10.51,13.02,14.44,16.50,20.07,92.55,94.70,95.94,97.42,99.11,0.00,0.00,3.18,10.00,29.09,12.33,26.33,34.00,47.00,69.33,0.00,0.00,0.00,0.00,0.00
263,5.16,7.31,8.74,10.32,12.46,10.29,12.87,14.27,16.31,19.87,92.57,94.79,95.98,97.46,99.13,0.00,0.00,2.27,9.09,28.63,12.33,26.33,34.33,46.33,69.33,0.00,0.00,0.00,0.00,0.00
264,4.98,7.11,8.59,10.21,12.39,10.16,12.71,14.09,16.11,19.66,92.59,94.85,95.96,97.44,99.13,0.00,0.00,1.82,10.00,28.63,12.33,26.33,34.33,46.33,69.33,0.00,0.00,0.00,0.00,0.00
265,4.75,6.95,8.44,10.08,12.24,9.85,12.48,13.85,15.91,19.45,92.66,94.86,95.99,97.43,99.10,0.00,0.00,1.82,10.91,28.63,11.33,26.33,35.00,47.33,70.33,0.00,0.00,0.00,0.00,0.00
266,4.39,6.73,8.34,10.03,12.14,9.53,12.20,13.65,15.68,19.26,92.68,94.89,96.09,97.53,99.12,0.00,0.00,2.27,11.82,28.63,10.66,26.66,35.33,48.66,71.33,0.00,0.00,0.00,0.00,0.00
267,4.13,6.55,8.19,9.94,12.15,9.32,12.03,13.54,15.51,18.98,92.82,94.96,96.16,97.62,99.15,0.00,0.00,3.18,12.73,28.63,9.66,27.00,35.66,50.66,71.00,0.00,0.00,0.00,0.00,0.00
268,3.91,6.40,8.05,9.86,12.09,9.14,11.85,13.43,15.39,18.62,92.86,95.01,96.22,97.63,99.19,0.00,0.00,4.09,13.64,28.63,8.33,27.33,36.66,52.33,70.66,0.00,0.00,0.00,0.00,0.00
269,3.71,6.28,7.91,9.77,11.91,8.89,11.73,13.37,15.19,18.24,92.99,95.03,96.29,97.65,99.20,0.00,0.00,5.00,14.54,28.63,7.33,27.33,37.66,53.33,70.33,0.00,0.00,0.00,0.00,0.00
270,3.54,6.18,7.83,9.69,11.67,8.64,11.60,13.26,15.05,17.84,93.10,95.07,96.38,97.70,99.21,0.00,0.00,5.91,15.45,29.09,6.33,27.00,38.66,53.66,69.66,0.00,0.00,0.00,0.00,0.00
271,3.39,6.12,7.72,9.58,11.60,8.52,11.51,13.09,14.85,17.74,93.07,95.12,96.46,97.79,99.24,0.00,0.00,6.36,15.91,29.54,5.33,26.33,39.66,53.66,69.33,0.00,0.00,0.00,0.00,0.00
272,3.24,6.00,7.67,9.48,11.49,8.31,11.37,12.92,14.67,17.52,93.08,95.17,96.55,97.88,99.29,0.00,0.00,6.82,16.82,30.45,4.66,26.00,41.00,53.66,68.66,0.00,0.00,0.00,0.00,0.00
273,3.17,5.87,7.51,9.36,11.32,8.16,11.19,12.76,14.47,17.33,93.11,95.20,96.60,97.93,99.31,0.00,0.00,7.27,17.27,31.81,4.00,25.66,41.66,53.33,68.33,0.00,0.00,0.00,0.00,0.00
274,3.00,5.72,7.36,9.20,11.18,8.04,10.96,12.57,14.32,17.19,93.12,95.23,96.65,97.94,99.30,0.00,0.00,7.27,16.36,32.72,3.33,25.33,42.33,52.66,68.00,0.00,0.00,0.00,0.00,0.00
275,2.78,5.55,7.22,9.09,10.98,7.87,10.71,12.44,14.12,16.99,93.10,95.24,96.67,97.95,99.30,0.00,0.00,7.27,15.45,33.63,3.33,25.00,42.33,51.66,67.66,0.00,0.00,0.00,0.00,0.00
276,2.55,5.33,7.04,8.98,10.87,7.71,10.51,12.28,13.93,16.87,93.05,95.17,96.66,97.91,99.26,0.00,0.00,6.82,14.54,34.08,3.66,24.66,41.66,50.66,67.66,0.00,0.00,0.00,0.00,0.00
277,2.24,5.02,6.87,8.84,10.80,7.45,10.23,12.12,13.73,16.80,93.10,95.21,96.70,97.93,99.22,0.00,0.00,5.91,13.63,34.08,3.66,24.33,41.66,48.66,68.33,0.00,0.00,0.00,0.00,0.00
278,1.99,4.80,6.71,8.71,10.76,7.18,9.97,11.91,13.48,16.60,93.24,95.26,96.73,97.97,99.21,0.00,0.00,5.00,12.73,34.08,4.00,24.00,41.33,47.33,69.00,0.00,0.00,0.00,0.00,0.00
279,1.78,4.60,6.51,8.56,10.67,6.93,9.69,11.64,13.25,16.39,93.22,95.25,96.75,98.04,99.24,0.00,0.00,4.09,11.82,34.08,4.66,24.00,41.00,47.00,69.33,0.00,0.00,0.00,0.00,0.00
280,1.57,4.38,6.35,8.42,10.55,6.67,9.38,11.30,13.00,16.17,93.27,95.29,96.80,98.11,99.25,0.00,0.00,3.18,10.91,34.08,5.33,25.00,41.33,47.33,69.33,0.00,0.00,0.00,0.00,0.02
281,1.34,4.12,6.12,8.21,10.47,6.44,9.13,11.02,12.70,16.00,93.36,95.35,96.88,98.17,99.26,0.00,0.00,2.27,10.45,33.63,6.33,26.33,41.33,48.00,69.33,0.00,0.00,0.00,0.00,0.03
282,1.12,3.78,5.86,7.99,10.22,6.25,8.87,10.76,12.46,15.62,93.47,95.42,96.95,98.17,99.28,0.00,0.00,2.27,9.54,31.81,7.33,27.99,42.00,48.66,69.33,0.00,0.00,0.00,0.00,0.04
283,0.90,3.59,5.62,7.75,10.07,6.02,8.65,10.53,12.18,15.35,93.49,95.54,97.09,98.25,99.31,0.00,0.00,2.72,9.09,29.54,8.33,29.33,43.33,50.00,69.66,0.00,0.00,0.00,0.00,0.04
284,0.69,3.39,5.53,7.61,9.92,5.74,8.42,10.31,12.00,15.06,93.53,95.61,97.22,98.36,99.35,0.00,0.00,3.18,9.54,27.72,9.66,30.66,44.66,51.66,70.00,0.00,0.00,0.00,0.00,0.04
285,0.50,3.23,5.42,7.53,9.82,5.57,8.23,10.10,11.82,14.78,93.62,95.72,97.28,98.47,99.39,0.00,0.00,3.63,10.45,25.90,11.00,31.99,46.00,53.33,70.33,0.00,0.00,0.00,0.00,0.05
286,0.47,3.19,5.31,7.37,9.71,5.44,8.12,9.97,11.64,14.57,93.55,95.80,97.34,98.48,99.41,0.00,0.00,4.09,11.36,25.45,12.00,32.99,48.00,54.66,70.33,0.00,0.00,0.00,0.00,0.14
287,0.39,3.06,5.21,7.29,9.59,5.28,7.92,9.76,11.52,14.47,93.50,95.81,97.36,98.52,99.44,0.00,0.00,5.00,12.27,25.90,13.00,34.33,49.00,56.66,70.66,0.00,0.00,0.00,0.00,0.21
288,0.22,2.88,5.07,7.18,9.47,5.11,7.68,9.54,11.34,14.31,93.48,95.87,97.42,98.60,99.46,0.00,0.00,5.91,13.18,26.81,13.66,35.33,49.66,58.00,71.66,0.00,0.00,0.00,0.00,0.24
289,0.05,2.74,4.97,7.06,9.35,5.01,7.53,9.38,11.19,14.16,93.53,95.95,97.50,98.64,99.49,0.00,0.00,6.82,14.09,28.18,14.00,36.33,50.33,59.00,73.00,0.00,0.00,0.00,0.00,0.31
290,-0.11,2.57,4.92,6.99,9.32,4.94,7.28,9.28,11.09,14.05,93.66,96.05,97.59,98.73,99.51,0.00,0.00,7.73,15.00,29.09,14.33,36.33,50.33,60.00,74.33,0.00,0.00,0.00,0.00,0.34
291,-0.24,2.43,4.82,6.89,9.29,4.68,7.12,9.12,11.01,13.92,93.67,96.20,97.66,98.79,99.53,0.00,0.00,8.63,15.91,30.45,14.33,36.33,50.33,60.67,75.33,0.00,0.00,0.00,0.00,0.51
292,-0.44,2.28,4.76,6.84,9.27,4.47,6.94,8.98,10.96,13.81,93.86,96.27,97.70,98.81,99.55,0.00,0.00,8.64,16.82,33.18,14.33,36.00,49.00,61.00,76.00,0.00,0.00,0.00,0.00,0.69
293,-0.71,2.09,4.71,6.75,9.17,4.22,6.72,8.80,10.80,13.67,93.84,96.35,97.74,98.83,99.57,0.00,0.00,7.73,17.27,35.45,14.33,35.66,48.00,60.66,75.66,0.00,0.00,0.00,0.00,0.89
294,-0.88,1.93,4.60,6.67,9.11,3.98,6.59,8.67,10.68,13.51,93.68,96.42,97.77,98.86,99.60,0.00,0.00,7.27,16.82,37.27,14.00,35.33,47.00,59.66,75.33,0.00,0.00,0.00,0.00,1.05
295,-1.03,1.74,4.53,6.56,9.10,3.82,6.52,8.51,10.53,13.29,93.74,96.56,97.87,98.91,99.61,0.00,0.00,6.82,15.91,38.63,13.33,35.00,46.00,59.00,74.33,0.00,0.00,0.00,0.00,1.13
296,-1.19,1.66,4.52,6.50,9.02,3.65,6.36,8.41,10.45,12.98,93.81,96.74,97.97,98.99,99.65,0.00,0.00,5.91,15.00,38.63,12.33,34.33,45.00,58.33,73.00,0.00,0.00,0.00,0.01,1.31
297,-1.33,1.67,4.49,6.51,9.00,3.48,6.27,8.31,10.35,12.71,93.86,96.92,98.10,99.08,99.71,0.00,0.00,5.00,14.09,36.81,12.00,33.66,44.66,57.66,71.66,0.00,0.00,0.00,0.02,1.52
298,-1.52,1.60,4.45,6.45,8.88,3.34,6.12,8.20,10.19,12.54,93.97,97.02,98.19,99.14,99.76,0.00,0.00,4.09,13.18,34.54,12.00,33.33,44.66,56.66,70.33,0.00,0.00,0.00,0.02,1.72
299,-1.56,1.45,4.43,6.38,8.83,3.16,6.00,8.04,10.06,12.30,94.06,97.16,98.30,99.17,99.76,0.00,0.00,3.18,11.82,31.36,12.00,33.00,44.00,55.66,69.33,0.00,0.00,0.00,0.02,1.89
300,-1.59,1.36,4.38,6.30,8.71,3.05,5.85,7.96,9.91,12.07,94.14,97.26,98.36,99.20,99.77,0.00,0.00,2.27,10.45,29.09,11.66,33.66,44.00,54.66,68.00,0.00,0.00,0.00,0.03,2.08
301,-1.63,1.28,4.26,6.27,8.52,2.81,5.63,7.86,9.83,11.86,94.20,97.32,98.42,99.25,99.79,0.00,0.00,1.36,9.54,26.36,11.33,34.00,44.00,54.00,66.66,0.00,0.00,0.00,0.05,2.37
302,-1.75,1.22,4.19,6.28,8.52,2.57,5.52,7.75,9.74,11.89,94.36,97.39,98.47,99.30,99.78,0.00,0.00,0.91,8.18,23.63,11.00,34.66,44.66,53.33,65.66,0.00,0.00,0.00,0.08,2.81
303,-1.95,1.13,4.16,6.28,8.42,2.26,5.40,7.67,9.67,11.77,94.54,97.43,98.50,99.29,99.78,0.00,0.00,0.91,7.27,21.81,10.66,35.33,44.33,52.66,65.33,0.00,0.00,0.00,0.09,3.25
304,-2.14,1.08,4.06,6.22,8.34,2.01,5.29,7.61,9.57,11.67,94.66,97.46,98.49,99.30,99.77,0.00,0.00,0.45,6.36,20.91,10.33,36.00,44.00,52.33,64.66,0.00,0.00,0.00,0.11,3.77
305,-2.26,0.98,3.91,6.13,8.25,1.81,5.05,7.51,9.41,11.59,94.58,97.48,98.53,99.29,99.78,0.00,0.00,0.00,5.91,20.45,10.33,36.67,43.66,52.00,65.00,0.00,0.00,0.00,0.12,4.39
306,-2.54,0.78,3.74,6.05,8.26,1.60,4.88,7.32,9.26,11.54,94.68,97.51,98.52,99.28,99.78,0.00,0.00,0.00,5.45,20.91,11.00,37.67,44.00,51.33,65.33,0.00,0.00,0.00,0.15,4.92
307,-2.81,0.67,3.62,5.91,8.12,1.36,4.75,7.16,9.12,11.46,94.86,97.61,98.57,99.28,99.77,0.00,0.00,0.00,5.91,22.72,11.67,38.00,44.00,51.33,65.33,0.00,0.00,0.00,0.18,5.46
308,-2.99,0.53,3.52,5.79,8.00,1.19,4.64,7.02,8.99,11.31,95.01,97.65,98.59,99.28,99.77,0.00,0.00,0.00,5.90,24.54,11.67,38.00,43.66,51.66,65.33,0.00,0.00,0.00,0.21,5.94
309,-3.05,0.41,3.39,5.69,7.88,0.98,4.41,6.83,8.84,11.16,94.96,97.68,98.61,99.29,99.76,0.00,0.00,0.00,6.36,26.36,11.33,38.00,44.00,51.66,65.00,0.00,0.00,0.00,0.26,6.33
310,-3.12,0.30,3.26,5.59,7.76,0.79,4.39,6.69,8.68,10.99,94.95,97.67,98.61,99.29,99.77,0.00,0.00,0.00,6.82,28.18,11.00,37.33,43.66,51.66,65.33,0.00,0.00,0.00,0.29,6.74
311,-3.25,0.18,3.18,5.50,7.60,0.73,4.19,6.61,8.54,10.81,95.16,97.68,98.63,99.30,99.77,0.00,0.00,0.00,7.27,30.45,11.00,37.00,43.00,51.33,66.33,0.00,0.00,0.00,0.31,6.89
312,-3.32,0.08,3.03,5.34,7.49,0.65,4.04,6.46,8.33,10.59,95.12,97.72,98.69,99.33,99.78,0.00,0.00,0.00,8.18,31.81,11.66,36.00,42.33,51.33,67.33,0.00,0.00,0.00,0.32,6.96
313,-3.35,0.02,2.92,5.20,7.39,0.52,3.97,6.30,8.20,10.48,95.22,97.76,98.76,99.37,99.79,0.00,0.00,0.45,8.63,32.72,12.00,34.66,42.33,51.66,68.33,0.00,0.00,0.00,0.34,6.94
314,-3.48,-0.07,2.83,5.08,7.37,0.40,3.78,6.11,8.02,10.41,95.44,97.73,98.82,99.40,99.79,0.00,0.00,0.45,10.45,33.63,12.33,33.66,42.00,52.00,69.00,0.00,0.00,0.00,0.40,6.97
315,-3.69,-0.20,2.66,4.88,7.23,0.16,3.51,5.88,7.81,10.25,95.40,97.69,98.80,99.40,99.79,0.00,0.00,0.45,11.36,34.54,12.66,32.33,41.66,52.33,68.66,0.00,0.00,0.01,0.48,7.15
316,-3.86,-0.36,2.45,4.64,7.09,-0.02,3.27,5.58,7.55,10.11,95.42,97.65,98.78,99.42,99.80,0.00,0.00,0.45,12.72,34.54,12.66,31.66,40.66,53.33,68.66,0.00,0.00,0.02,0.62,7.23
317,-3.98,-0.59,2.22,4.42,6.89,-0.20,3.07,5.38,7.33,9.93,95.32,97.61,98.76,99.42,99.80,0.00,0.00,0.91,12.72,34.08,13.00,31.33,40.00,53.33,68.66,0.00,0.00,0.03,0.82,7.38
318,-4.04,-0.70,2.02,4.28,6.74,-0.35,2.93,5.24,7.20,9.74,95.26,97.61,98.76,99.41,99.79,0.00,0.00,1.36,13.18,33.63,14.00,31.33,40.00,53.00,68.00,0.00,0.00,0.04,0.98,7.80
319,-4.22,-0.81,1.87,4.17,6.60,-0.54,2.73,5.10,7.08,9.56,95.24,97.56,98.78,99.43,99.81,0.00,0.00,1.36,13.63,33.63,15.33,31.66,39.66,52.33,67.00,0.00,0.00,0.05,1.07,8.48
320,-4.54,-0.98,1.68,4.01,6.53,-0.76,2.57,4.91,6.93,9.50,95.07,97.53,98.79,99.43,99.80,0.00,0.00,1.36,14.09,32.72,16.33,31.66,39.33,51.66,66.33,0.00,0.00,0.07,1.20,9.19
321,-4.87,-1.17,1.56,3.86,6.49,-1.02,2.39,4.75,6.75,9.44,94.84,97.49,98.77,99.43,99.81,0.00,0.00,1.36,13.63,31.81,16.66,31.66,40.00,51.66,65.33,0.00,0.00,0.11,1.33,9.73
322,-5.15,-1.32,1.48,3.68,6.37,-1.30,2.18,4.70,6.64,9.25,94.72,97.50,98.79,99.44,99.82,0.00,0.00,1.82,13.18,31.81,16.33,32.00,40.66,52.00,65.00,0.00,0.00,0.18,1.44,10.00
323,-5.32,-1.46,1.34,3.50,6.27,-1.42,1.96,4.53,6.46,9.09,94.39,97.43,98.77,99.47,99.83,0.00,0.00,1.36,13.18,31.81,16.00,32.33,41.33,52.66,64.33,0.00,0.00,0.23,1.59,10.40
324,-5.57,-1.62,1.14,3.29,6.15,-1.64,1.74,4.25,6.25,8.92,94.23,97.34,98.78,99.47,99.83,0.00,0.00,1.36,12.27,31.81,16.00,32.33,43.00,53.66,64.66,0.00,0.01,0.29,1.76,10.77
325,-5.90,-1.82,0.98,3.06,6.03,-1.95,1.64,4.02,6.05,8.75,94.33,97.29,98.75,99.47,99.84,0.00,0.00,1.36,11.81,31.81,16.00,33.00,44.33,54.33,65.00,0.00,0.01,0.37,1.98,11.02
326,-6.21,-2.06,0.82,2.83,5.74,-2.32,1.42,3.82,5.87,8.52,94.25,97.25,98.71,99.47,99.84,0.00,0.00,1.36,10.91,32.27,16.00,33.00,45.66,54.66,65.00,0.00,0.02,0.45,2.20,11.25
327,-6.50,-2.33,0.61,2.58,5.60,-2.60,1.18,3.64,5.63,8.30,94.23,97.24,98.72,99.47,99.84,0.00,0.00,0.91,10.91,32.72,16.00,33.00,47.00,55.00,65.66,0.00,0.05,0.54,2.43,11.55
328,-6.80,-2.52,0.42,2.36,5.47,-2.95,1.00,3.42,5.46,8.18,94.15,97.26,98.73,99.47,99.85,0.00,0.00,0.45,10.91,33.18,16.33,33.00,47.66,56.00,67.00,0.00,0.07,0.62,2.69,11.99
329,-7.20,-2.71,0.27,2.18,5.39,-3.32,0.81,3.20,5.29,8.10,94.24,97.24,98.70,99.46,99.85,0.00,0.00,0.45,11.36,34.09,16.33,32.66,48.00,57.33,68.66,0.00,0.09,0.72,3.00,12.51
330,-7.46,-2.83,0.08,2.01,5.36,-3.63,0.58,2.95,5.16,8.09,94.23,97.27,98.71,99.46,99.85,0.00,0.00,0.45,11.82,35.45,16.66,32.66,48.33,58.33,70.00,0.00,0.12,0.82,3.33,13.08
331,-7.76,-2.96,-0.09,1.96,5.26,-4.00,0.35,2.76,5.08,8.03,94.16,97.25,98.72,99.47,99.86,0.00,0.00,0.91,12.73,37.27,17.33,32.66,48.00,59.00,71.33,0.00,0.14,0.95,3.74,13.80
332,-8.21,-3.13,-0.17,1.89,5.08,-4.32,0.16,2.63,5.05,7.92,94.17,97.26,98.71,99.47,99.86,0.00,0.00,0.45,13.63,38.63,17.66,32.66,47.33,59.66,72.33,0.00,0.14,1.05,4.20,14.66
333,-8.74,-3.32,-0.32,1.80,5.03,-4.68,0.04,2.58,5.04,7.80,94.23,97.24,98.70,99.47,99.86,0.00,0.00,0.45,14.54,40.00,18.33,32.66,47.00,60.00,74.00,0.00,0.14,1.14,4.72,15.57
334,-9.14,-3.37,-0.43,1.67,4.85,-4.89,-0.08,2.47,4.91,7.65,94.29,97.31,98.69,99.47,99.85,0.00,0.00,0.45,15.45,41.36,18.66,32.66,46.00,60.00,75.33,0.00,0.14,1.24,5.18,16.54
335,-9.52,-3.36,-0.49,1.62,4.78,-5.01,-0.13,2.42,4.85,7.52,94.35,97.33,98.71,99.49,99.86,0.00,0.00,0.45,16.36,43.18,19.33,32.66,45.00,60.00,77.00,0.00,0.15,1.44,5.68,17.45
336,-9.57,-3.40,-0.49,1.61,4.74,-5.15,-0.10,2.38,4.83,7.45,94.50,97.40,98.75,99.49,99.87,0.00,0.00,0.45,17.27,44.54,20.00,32.33,44.00,60.00,78.33,0.00,0.16,1.63,6.00,18.40
337,-9.72,-3.52,-0.52,1.50,4.60,-5.28,-0.20,2.21,4.74,7.38,94.71,97.40,98.74,99.49,99.87,0.00,0.00,0.91,17.73,45.45,19.66,31.66,42.67,60.00,78.66,0.00,0.17,1.77,6.32,19.25
338,-10.11,-3.66,-0.63,1.34,4.46,-5.57,-0.32,2.02,4.59,7.25,94.73,97.39,98.71,99.50,99.87,0.00,0.00,1.36,17.27,45.90,18.33,31.00,41.67,60.00,78.33,0.00,0.18,1.87,6.75,19.80
339,-10.53,-3.71,-0.71,1.20,4.39,-5.91,-0.40,1.91,4.45,7.20,94.90,97.47,98.73,99.51,99.88,0.00,0.00,1.36,16.36,44.99,17.33,30.33,41.33,59.66,78.00,0.00,0.21,1.95,7.20,20.14
340,-10.89,-3.76,-0.77,1.10,4.31,-6.24,-0.46,1.85,4.39,7.06,95.10,97.50,98.75,99.52,99.88,0.00,0.00,1.36,15.91,43.63,16.33,30.00,41.00,59.66,77.66,0.00,0.24,2.08,7.58,20.54
341,-11.19,-3.80,-0.81,1.01,4.20,-6.25,-0.49,1.73,4.36,6.93,95.32,97.57,98.77,99.53,99.89,0.00,0.00,0.91,15.00,41.81,15.66,29.33,40.67,59.66,77.33,0.00,0.27,2.20,7.86,21.10
342,-11.23,-3.83,-0.87,0.96,4.17,-6.22,-0.57,1.56,4.28,6.84,95.37,97.58,98.77,99.52,99.88,0.00,0.00,0.91,14.09,39.54,15.66,28.66,40.67,59.00,77.00,0.00,0.30,2.24,8.14,21.82
343,-11.22,-3.88,-0.90,0.91,4.21,-6.26,-0.59,1.49,4.26,6.84,95.65,97.65,98.81,99.53,99.88,0.00,0.00,0.91,13.18,37.72,16.00,28.66,40.67,58.00,76.00,0.00,0.31,2.27,8.40,22.43
344,-11.33,-3.95,-0.90,0.91,4.26,-6.33,-0.57,1.55,4.27,6.90,95.68,97.73,98.80,99.53,99.88,0.00,0.00,0.91,13.18,35.45,16.33,28.33,40.67,57.33,74.66,0.00,0.31,2.29,8.54,23.06
345,-11.40,-3.91,-0.90,0.90,4.31,-6.36,-0.59,1.59,4.31,6.91,95.61,97.79,98.84,99.54,99.88,0.00,0.00,0.91,12.73,33.63,16.33,28.33,40.67,56.66,73.33,0.00,0.32,2.31,8.64,23.73
346,-11.59,-3.88,-0.92,0.91,4.33,-6.55,-0.64,1.67,4.31,6.93,95.78,97.82,98.89,99.56,99.88,0.00,0.00,0.91,12.73,32.72,16.00,28.66,40.67,56.33,72.33,0.00,0.31,2.37,8.67,24.32
347,-11.62,-3.86,-0.90,1.04,4.30,-6.52,-0.67,1.69,4.40,6.95,95.73,97.80,98.88,99.56,99.88,0.00,0.00,0.45,12.73,31.81,16.00,29.33,40.67,55.66,71.67,0.00,0.31,2.40,8.74,24.82
348,-11.57,-3.86,-0.78,1.13,4.31,-6.56,-0.69,1.81,4.45,7.01,95.65,97.77,98.87,99.56,99.88,0.00,0.00,0.00,14.09,31.36,16.33,29.66,40.67,55.00,71.67,0.00,0.30,2.43,8.84,25.28
349,-11.65,-3.99,-0.84,1.21,4.24,-6.61,-0.71,1.94,4.52,7.04,95.49,97.78,98.88,99.56,99.88,0.00,0.00,0.00,15.45,31.81,16.33,30.00,41.00,55.00,72.00,0.00,0.28,2.43,8.83,25.71
350,-11.85,-4.03,-0.85,1.20,4.12,-6.67,-0.68,1.95,4.45,6.99,95.33,97.74,98.87,99.56,99.88,0.00,0.00,0.00,16.36,32.72,16.66,29.33,41.67,55.00,72.33,0.00,0.25,2.43,8.79,26.34
351,-11.92,-4.04,-0.92,1.05,4.07,-6.77,-0.65,1.94,4.33,6.98,95.37,97.74,98.84,99.54,99.88,0.00,0.00,0.91,17.72,33.63,16.33,29.66,42.33,55.33,72.66,0.00,0.24,2.40,8.71,26.97
352,-11.78,-4.07,-1.02,0.98,4.02,-6.79,-0.66,1.90,4.25,7.05,95.39,97.66,98.84,99.52,99.87,0.00,0.00,1.82,19.09,35.00,15.33,30.00,42.66,56.00,73.00,0.00,0.24,2.43,8.61,27.59
353,-11.64,-4.06,-1.08,0.89,3.98,-6.87,-0.70,1.78,4.13,7.00,95.10,97.70,98.83,99.53,99.88,0.00,0.00,2.73,19.99,35.90,14.00,30.00,43.00,56.66,74.00,0.00,0.28,2.55,8.52,28.18
354,-11.71,-4.12,-1.15,0.94,3.91,-7.04,-0.77,1.76,4.12,6.86,95.05,97.67,98.83,99.54,99.88,0.00,0.00,3.64,19.99,36.36,12.00,30.00,42.66,57.00,75.66,0.00,0.31,2.70,8.39,28.68
355,-11.71,-4.16,-1.24,0.96,3.83,-7.07,-0.77,1.78,4.09,6.86,95.10,97.70,98.85,99.54,99.89,0.00,0.00,4.55,20.45,36.36,11.33,29.66,43.00,57.00,77.33,0.00,0.33,2.66,8.28,29.16
356,-12.00,-4.18,-1.28,0.94,3.77,-7.33,-0.80,1.88,4.14,6.85,94.94,97.65,98.84,99.53,99.90,0.00,0.00,5.45,20.45,36.81,11.00,29.67,43.33,57.00,78.66,0.00,0.34,2.66,8.14,29.99
357,-11.99,-4.12,-1.29,0.93,3.78,-7.37,-0.74,1.97,4.18,6.83,94.73,97.66,98.88,99.55,99.90,0.00,0.00,6.36,20.45,36.36,11.33,29.33,44.00,58.33,80.00,0.00,0.37,2.65,7.97,30.28
358,-11.90,-4.25,-1.24,1.01,3.76,-7.37,-0.86,1.99,4.19,6.84,94.48,97.58,98.87,99.56,99.91,0.00,0.00,7.27,20.00,35.90,11.33,29.33,44.66,59.66,80.33,0.00,0.39,2.69,7.68,30.59
359,-11.85,-4.47,-1.32,1.01,3.69,-7.27,-1.02,2.02,4.20,6.78,94.31,97.50,98.78,99.50,99.91,0.00,0.00,7.73,19.54,35.90,11.33,29.67,45.33,60.66,81.00,0.00,0.40,2.74,7.45,30.88
360,-11.64,-4.67,-1.35,0.99,3.67,-7.08,-1.12,1.96,4.14,6.73,93.95,97.40,98.72,99.49,99.90,0.00,0.00,7.73,19.09,36.36,11.33,30.67,46.00,61.00,82.00,0.00,0.40,2.78,7.29,31.11
361,-11.63,-4.83,-1.46,0.88,3.56,-7.26,-1.30,1.92,4.00,6.61,93.80,97.32,98.65,99.44,99.88,0.00,0.00,6.82,18.63,37.27,12.00,31.00,46.66,61.33,82.66,0.00,0.43,2.79,7.26,31.33
362,-11.83,-5.00,-1.65,0.76,3.48,-7.55,-1.37,1.84,3.83,6.55,93.74,97.21,98.57,99.43,99.87,0.00,0.00,5.91,17.73,39.08,13.00,31.66,47.00,61.66,83.33,0.00,0.45,2.92,7.25,31.74
363,-12.02,-5.07,-1.71,0.71,3.38,-7.65,-1.38,1.77,3.74,6.53,93.76,97.20,98.56,99.43,99.87,0.00,0.00,5.00,17.73,41.81,13.66,32.33,47.33,62.33,83.66,0.00,0.51,3.14,7.35,32.17
364,-12.14,-5.07,-1.75,0.72,3.27,-7.74,-1.39,1.76,3.74,6.48,93.88,97.24,98.59,99.42,99.87,0.00,0.00,4.54,18.18,44.99,15.00,33.66,48.00,62.66,83.33,0.00,0.62,3.40,7.55,32.51
365,-12.15,-5.13,-1.75,0.73,3.12,-7.66,-1.42,1.75,3.69,6.42,93.91,97.22,98.57,99.42,99.87,0.00,0.00,4.54,17.72,48.63,15.00,34.33,48.00,63.66,83.00,0.00,0.76,3.63,7.75,32.76
